Date_A,Date_B,Shore_Class,N_sections,Mean_change_m,Median_change_m,RMS_m,p90_abs_m
2018-09-13,2018-02-25,mangrove,17,17.65,10.0,33.25,90.0
2018-09-13,2018-02-25,non_mangrove,64,0.0,10.0,34.78,70.0
2018-09-13,2018-01-31,mangrove,17,10.0,0.0,31.34,80.0
2018-09-13,2018-01-31,non_mangrove,64,4.84,0.0,18.75,30.0
2018-09-13,2017-10-23,mangrove,11,-11.82,0.0,49.82,80.0
2018-09-13,2017-10-23,non_mangrove,52,-24.42,-10.0,41.81,90.0
2018-09-13,2017-03-22,mangrove,17,10.0,10.0,40.37,90.0
2018-09-13,2017-03-22,non_mangrove,63,0.32,0.0,27.37,30.0
2018-02-25,2018-01-31,mangrove,17,-7.65,-10.0,11.63,20.0
2018-02-25,2018-01-31,non_mangrove,64,4.84,0.0,29.07,60.0
2018-02-25,2017-10-23,mangrove,11,-33.64,-10.0,58.23,100.0
2018-02-25,2017-10-23,non_mangrove,52,-26.73,-15.0,47.05,90.0
2018-02-25,2017-03-22,mangrove,17,-7.65,0.0,26.23,20.0
2018-02-25,2017-03-22,non_mangrove,63,-0.16,0.0,34.76,60.0
2018-01-31,2017-10-23,mangrove,11,-28.18,-10.0,52.48,100.0
2018-01-31,2017-10-23,non_mangrove,52,-29.04,-10.0,46.6,90.0
2018-01-31,2017-03-22,mangrove,17,0.0,0.0,25.21,30.0
2018-01-31,2017-03-22,non_mangrove,63,-4.76,0.0,24.43,30.0
2017-10-23,2017-03-22,mangrove,11,32.73,10.0,53.94,100.0
2017-10-23,2017-03-22,non_mangrove,51,22.94,10.0,46.21,90.0
