Section_ID,Latitude,Longitude,Shore_Class,Mangrove_Dist_m,d_2018-09-13,d_2018-11-27,d_2019-01-01,d_2019-01-06,Change_base_post_m,Change_post_recover_m,Noise_recover_q1_m,MaxChange_m,MeanChange_m,NRate_m_per_yr,Storm_Affected
S001,13.311533,80.347778,non_mangrove,,0.0,-10.0,,,-10.0,,,-10.0,-10.0,-48.7,no_Gaja_control_site
S002,13.309181,80.34723,non_mangrove,,150.0,150.0,,,0.0,,,0.0,0.0,0.0,no_Gaja_control_site
S003,13.304478,80.346689,non_mangrove,,-20.0,-40.0,,-20.0,-20.0,,,-20.0,-20.0,-97.4,no_Gaja_control_site
S004,13.298692,80.347258,non_mangrove,,0.0,10.0,,-90.0,10.0,,,10.0,10.0,48.7,no_Gaja_control_site
S005,13.295808,80.350774,non_mangrove,,20.0,-70.0,,,-90.0,,,-90.0,-90.0,-438.3,no_Gaja_control_site
S006,13.286939,80.347843,non_mangrove,,0.0,-10.0,,-100.0,-10.0,,,-10.0,-10.0,-48.7,no_Gaja_control_site
S007,13.275704,80.339011,non_mangrove,,0.0,0.0,,,0.0,,,0.0,0.0,0.0,no_Gaja_control_site
S008,13.263766,80.337751,non_mangrove,,20.0,10.0,,,-10.0,,,-10.0,-10.0,-48.7,no_Gaja_control_site
S009,13.231468,80.330916,mangrove,744.4,80.0,80.0,40.0,80.0,0.0,-40.0,40.0,40.0,0.0,0.0,no_Gaja_control_site
S010,13.229298,80.331107,mangrove,800.3,-20.0,-20.0,-40.0,,0.0,-20.0,,0.0,-10.0,-48.7,no_Gaja_control_site
S011,13.22604,80.329824,mangrove,863.9,0.0,80.0,,0.0,80.0,,,80.0,80.0,389.6,no_Gaja_control_site
S012,13.222962,80.328355,mangrove,133.0,10.0,10.0,,-90.0,0.0,,,0.0,0.0,0.0,no_Gaja_control_site
S013,13.219523,80.327257,mangrove,310.9,0.0,0.0,10.0,0.0,0.0,10.0,-10.0,10.0,0.0,0.0,no_Gaja_control_site
S014,13.215089,80.325885,mangrove,425.5,0.0,10.0,,,10.0,,,10.0,10.0,48.7,no_Gaja_control_site
S015,13.21165,80.324787,mangrove,459.6,-20.0,-20.0,-10.0,-90.0,0.0,10.0,-80.0,10.0,-23.33,-113.63,no_Gaja_control_site
S016,13.207214,80.322861,mangrove,343.6,10.0,10.0,-70.0,-80.0,0.0,-80.0,-10.0,0.0,-30.0,-146.1,no_Gaja_control_site
S017,13.203506,80.322595,non_mangrove,,-20.0,-20.0,-10.0,-90.0,0.0,10.0,-80.0,10.0,-23.33,-113.63,no_Gaja_control_site
S018,13.200248,80.321312,mangrove,361.2,0.0,-20.0,-10.0,-20.0,-20.0,10.0,-10.0,10.0,-6.67,-32.47,no_Gaja_control_site
S019,13.197171,80.320397,mangrove,533.7,-10.0,0.0,10.0,10.0,10.0,10.0,0.0,10.0,6.67,32.47,no_Gaja_control_site
S020,13.194003,80.319022,mangrove,608.6,-20.0,-30.0,-40.0,-40.0,-10.0,-10.0,0.0,0.0,-6.67,-32.47,no_Gaja_control_site
S021,13.191288,80.318291,mangrove,621.9,-10.0,10.0,,-20.0,20.0,,,20.0,20.0,97.4,no_Gaja_control_site
S022,13.187759,80.317286,mangrove,693.8,0.0,0.0,,,0.0,,,0.0,0.0,0.0,no_Gaja_control_site
S023,13.183689,80.316836,mangrove,809.1,0.0,-20.0,,0.0,-20.0,,,-20.0,-20.0,-97.4,no_Gaja_control_site
S024,13.181245,80.315827,mangrove,822.4,-10.0,0.0,,10.0,10.0,,,10.0,10.0,48.7,no_Gaja_control_site
S025,13.178167,80.314359,non_mangrove,,0.0,0.0,,,0.0,,,0.0,0.0,0.0,no_Gaja_control_site
S026,13.174998,80.312984,mangrove,928.8,10.0,20.0,,,10.0,,,10.0,10.0,48.7,no_Gaja_control_site
S027,13.171469,80.311979,non_mangrove,,10.0,10.0,,,0.0,,,0.0,0.0,0.0,no_Gaja_control_site
S028,13.168121,80.310789,non_mangrove,,10.0,10.0,,,0.0,,,0.0,0.0,0.0,no_Gaja_control_site
S029,13.159431,80.307491,non_mangrove,,-10.0,0.0,,,10.0,,,10.0,10.0,48.7,no_Gaja_control_site
S030,13.156535,80.306392,non_mangrove,,-10.0,-40.0,,-30.0,-30.0,,,-30.0,-30.0,-146.1,no_Gaja_control_site
S031,13.151013,80.303917,non_mangrove,,-20.0,-20.0,,-10.0,0.0,,,0.0,0.0,0.0,no_Gaja_control_site
S032,13.147844,80.302542,non_mangrove,,0.0,0.0,,-70.0,0.0,,,0.0,0.0,0.0,no_Gaja_control_site
S033,13.141507,80.299792,non_mangrove,,-20.0,-30.0,,-70.0,-10.0,,,-10.0,-10.0,-48.7,no_Gaja_control_site
S034,13.138883,80.298969,non_mangrove,,0.0,-20.0,,-20.0,-20.0,,,-20.0,-20.0,-97.4,no_Gaja_control_site
S035,13.135445,80.298425,non_mangrove,,-20.0,-20.0,,0.0,0.0,,,0.0,0.0,0.0,no_Gaja_control_site
S036,13.132915,80.298986,non_mangrove,,-10.0,40.0,,50.0,50.0,,,50.0,50.0,243.5,no_Gaja_control_site
S037,13.127764,80.299831,non_mangrove,,-20.0,-20.0,,,0.0,,,0.0,0.0,0.0,no_Gaja_control_site
S038,13.125951,80.298175,non_mangrove,,0.0,10.0,,,10.0,,,10.0,10.0,48.7,no_Gaja_control_site
S039,13.123151,80.299567,non_mangrove,,-20.0,-40.0,,,-20.0,,,-20.0,-20.0,-97.4,no_Gaja_control_site
S040,13.121344,80.300126,non_mangrove,,0.0,10.0,,-100.0,10.0,,,10.0,10.0,48.7,no_Gaja_control_site
S041,13.118184,80.301518,non_mangrove,,-10.0,-20.0,,,-10.0,,,-10.0,-10.0,-48.7,no_Gaja_control_site
S042,13.114748,80.301528,non_mangrove,,20.0,20.0,,,0.0,,,0.0,0.0,0.0,no_Gaja_control_site
S043,13.111219,80.300708,non_mangrove,,0.0,0.0,50.0,,0.0,50.0,,50.0,25.0,121.75,no_Gaja_control_site
S044,13.105428,80.299064,non_mangrove,,0.0,-30.0,-20.0,,-30.0,10.0,,10.0,-10.0,-48.7,no_Gaja_control_site
S045,13.102259,80.297689,non_mangrove,,10.0,20.0,,-70.0,10.0,,,10.0,10.0,48.7,no_Gaja_control_site
S046,13.094928,80.295219,non_mangrove,,-20.0,-10.0,,,10.0,,,10.0,10.0,48.7,no_Gaja_control_site
S047,13.091761,80.294398,non_mangrove,,150.0,150.0,-20.0,,0.0,-170.0,,0.0,-85.0,-413.95,no_Gaja_control_site
S048,13.093957,80.3038,non_mangrove,,0.0,10.0,,,10.0,,,10.0,10.0,48.7,no_Gaja_control_site
S049,13.089977,80.303258,non_mangrove,,-10.0,0.0,,,10.0,,,10.0,10.0,48.7,no_Gaja_control_site
S050,13.08762,80.301051,non_mangrove,,-20.0,-50.0,,,-30.0,,,-30.0,-30.0,-146.1,no_Gaja_control_site
S051,13.080553,80.295906,non_mangrove,,0.0,-100.0,,,-100.0,,,-100.0,-100.0,-487.0,no_Gaja_control_site
S052,13.077926,80.29416,non_mangrove,,30.0,40.0,40.0,-90.0,10.0,0.0,-130.0,10.0,-40.0,-194.8,no_Gaja_control_site
S053,13.070231,80.290585,non_mangrove,,10.0,50.0,-30.0,0.0,40.0,-80.0,30.0,40.0,-3.33,-16.23,no_Gaja_control_site
S054,13.055116,80.285371,non_mangrove,,10.0,20.0,,-90.0,10.0,,,10.0,10.0,48.7,no_Gaja_control_site
S055,13.052492,80.284549,non_mangrove,,20.0,20.0,,-90.0,0.0,,,0.0,0.0,0.0,no_Gaja_control_site
S056,13.049597,80.284004,non_mangrove,,-10.0,-10.0,,,0.0,,,0.0,0.0,0.0,no_Gaja_control_site
S057,13.039553,80.281542,non_mangrove,,0.0,0.0,,,0.0,,,0.0,0.0,0.0,no_Gaja_control_site
S058,13.030326,80.279909,non_mangrove,,0.0,0.0,10.0,,0.0,10.0,,10.0,5.0,24.35,no_Gaja_control_site
S059,13.027431,80.279364,non_mangrove,,0.0,0.0,,,0.0,,,0.0,0.0,0.0,no_Gaja_control_site
S060,13.023451,80.278822,non_mangrove,,-10.0,-10.0,,,0.0,,,0.0,0.0,0.0,no_Gaja_control_site
S061,13.021099,80.278276,non_mangrove,,10.0,10.0,,,0.0,,,0.0,0.0,0.0,no_Gaja_control_site
S062,13.018476,80.278007,non_mangrove,,0.0,20.0,,,20.0,,,20.0,20.0,97.4,no_Gaja_control_site
S063,13.003455,80.274177,non_mangrove,,-10.0,0.0,10.0,,10.0,10.0,,10.0,10.0,48.7,no_Gaja_control_site
S064,12.997121,80.272536,non_mangrove,,-10.0,0.0,-80.0,,10.0,-80.0,,10.0,-35.0,-170.45,no_Gaja_control_site
S065,12.993682,80.27144,non_mangrove,,10.0,10.0,30.0,,0.0,20.0,,20.0,10.0,48.7,no_Gaja_control_site
S066,12.976853,80.267616,non_mangrove,,-20.0,-20.0,,,0.0,,,0.0,0.0,0.0,no_Gaja_control_site
S067,12.973144,80.266797,non_mangrove,,0.0,0.0,,,0.0,,,0.0,0.0,0.0,no_Gaja_control_site
S068,12.962649,80.264615,non_mangrove,,-10.0,-10.0,,,0.0,,,0.0,0.0,0.0,no_Gaja_control_site
S069,12.958758,80.263797,non_mangrove,,0.0,-20.0,-80.0,,-20.0,-60.0,,-20.0,-40.0,-194.8,no_Gaja_control_site
S070,12.949259,80.261889,non_mangrove,,0.0,0.0,,,0.0,,,0.0,0.0,0.0,no_Gaja_control_site
S071,12.935598,80.259256,non_mangrove,,10.0,20.0,,,10.0,,,10.0,10.0,48.7,no_Gaja_control_site
S072,12.93198,80.258898,non_mangrove,,0.0,0.0,-70.0,,0.0,-70.0,,0.0,-35.0,-170.45,no_Gaja_control_site
S073,12.927819,80.258357,non_mangrove,,10.0,-10.0,-80.0,,-20.0,-70.0,,-20.0,-45.0,-219.15,no_Gaja_control_site
S074,12.917778,80.257004,non_mangrove,,0.0,0.0,,,0.0,,,0.0,0.0,0.0,no_Gaja_control_site
S075,12.913798,80.256463,non_mangrove,,0.0,0.0,-90.0,,0.0,-90.0,,0.0,-45.0,-219.15,no_Gaja_control_site
S076,12.905838,80.25538,non_mangrove,,0.0,0.0,-60.0,,0.0,-60.0,,0.0,-30.0,-146.1,no_Gaja_control_site
S077,13.266207,80.337652,mangrove,500.4,100.0,100.0,,,0.0,,,0.0,0.0,0.0,no_Gaja_control_site
S078,13.098728,80.295762,non_mangrove,,40.0,30.0,,80.0,-10.0,,,-10.0,-10.0,-48.7,no_Gaja_control_site
S079,13.097823,80.295488,non_mangrove,,40.0,30.0,,50.0,-10.0,,,-10.0,-10.0,-48.7,no_Gaja_control_site
S080,13.128396,80.299829,non_mangrove,,-80.0,-80.0,,,0.0,,,0.0,0.0,0.0,no_Gaja_control_site
S081,13.110403,80.300064,non_mangrove,,60.0,30.0,40.0,,-30.0,10.0,,10.0,-10.0,-48.7,no_Gaja_control_site
