Section_ID,Latitude,Longitude,Storm,Storm_Date,Storm_base_post_m,Recovery_post_recover_m,Noise_recover_q1_m,MaxRetreat_m,MeanRetreat_m,NRate_m_per_yr
S001,10.336267,79.401378,Gaja,2018-11-16,,,30.0,30.0,30.0,147.93
S002,10.63597,79.400114,Gaja,2018-11-16,0.0,0.0,0.0,0.0,0.0,0.0
S003,10.702963,79.400038,Gaja,2018-11-16,0.0,0.0,0.0,0.0,0.0,0.0
S004,10.735169,79.831338,Gaja,2018-11-16,-110.0,110.0,0.0,110.0,0.0,0.0
S005,10.736417,79.85081,Gaja,2018-11-16,,,-30.0,-30.0,-30.0,-147.93
S006,10.679182,79.851849,Gaja,2018-11-16,0.0,,,0.0,0.0,0.0
S007,10.645302,79.811114,Gaja,2018-11-16,0.0,-20.0,,0.0,-10.0,-49.31
S008,10.662276,79.852735,Gaja,2018-11-16,0.0,,,0.0,0.0,0.0
S009,10.605682,79.856054,Gaja,2018-11-16,0.0,,,0.0,0.0,0.0
S010,10.549723,79.860008,Gaja,2018-11-16,0.0,,,0.0,0.0,0.0
S011,10.496114,79.863769,Gaja,2018-11-16,0.0,,,0.0,0.0,0.0
S012,10.44132,79.865247,Gaja,2018-11-16,0.0,,,0.0,0.0,0.0
S013,10.401616,79.86329,Gaja,2018-11-16,50.0,,,50.0,50.0,246.55
S014,10.353459,79.87488,Gaja,2018-11-16,-130.0,120.0,,120.0,-5.0,-24.65
S015,10.301215,79.881457,Gaja,2018-11-16,,,,,,
S016,10.277663,79.844013,Gaja,2018-11-16,0.0,,,0.0,0.0,0.0
S017,10.273657,79.787054,Gaja,2018-11-16,,,,,,
S018,10.277502,79.751979,Gaja,2018-11-16,,,,,,
S019,10.287699,79.770018,Gaja,2018-11-16,,,,,,
S020,10.302322,79.763387,Gaja,2018-11-16,,,,,,
S021,10.313761,79.751563,Gaja,2018-11-16,,,,,,
S022,10.324331,79.703215,Gaja,2018-11-16,0.0,0.0,0.0,0.0,0.0,0.0
S023,10.31425,79.692391,Gaja,2018-11-16,,,,,,
S024,10.30119,79.682583,Gaja,2018-11-16,,,,,,
S025,10.281292,79.726673,Gaja,2018-11-16,0.0,0.0,0.0,0.0,0.0,0.0
S026,10.278199,79.699021,Gaja,2018-11-16,0.0,0.0,,0.0,0.0,0.0
S027,10.286668,79.647492,Gaja,2018-11-16,0.0,,,0.0,0.0,0.0
S028,10.295382,79.591669,Gaja,2018-11-16,0.0,0.0,0.0,0.0,0.0,0.0
S029,10.304623,79.534928,Gaja,2018-11-16,0.0,0.0,,0.0,0.0,0.0
S030,10.309069,79.558464,Gaja,2018-11-16,0.0,0.0,,0.0,0.0,0.0
S031,10.320977,79.552383,Gaja,2018-11-16,0.0,0.0,0.0,0.0,0.0,0.0
S032,10.337667,79.584723,Gaja,2018-11-16,,,,,,
S033,10.344515,79.538852,Gaja,2018-11-16,-30.0,-20.0,,-20.0,-25.0,-123.27
S034,10.32012,79.522804,Gaja,2018-11-16,-30.0,0.0,,0.0,-15.0,-73.96
S035,10.327,79.504966,Gaja,2018-11-16,,,,,,
S036,10.336126,79.48447,Gaja,2018-11-16,-90.0,10.0,,10.0,-40.0,-197.24
S037,10.346653,79.473553,Gaja,2018-11-16,,,,,,
S038,10.317956,79.485196,Gaja,2018-11-16,-40.0,40.0,,40.0,0.0,0.0
S039,10.308861,79.512448,Gaja,2018-11-16,0.0,0.0,,0.0,0.0,0.0
S040,10.313988,79.449242,Gaja,2018-11-16,0.0,0.0,,0.0,0.0,0.0
S041,10.332117,79.403043,Gaja,2018-11-16,,,0.0,0.0,0.0,0.0
S042,10.668124,79.820351,Gaja,2018-11-16,0.0,0.0,-220.0,0.0,-73.33,-361.59
S043,10.43049,79.84592,Gaja,2018-11-16,,,,,,
S044,10.441494,79.838023,Gaja,2018-11-16,0.0,0.0,,0.0,0.0,0.0
S045,10.433662,79.847827,Gaja,2018-11-16,,,,,,
S046,10.363402,79.459318,Gaja,2018-11-16,,,,,,
S047,10.350262,79.491159,Gaja,2018-11-16,-100.0,10.0,,10.0,-45.0,-221.89
S048,10.375044,79.51241,Gaja,2018-11-16,0.0,,,0.0,0.0,0.0
S049,10.525579,79.530606,Gaja,2018-11-16,0.0,0.0,,0.0,0.0,0.0
S050,10.739011,79.561586,Gaja,2018-11-16,0.0,0.0,,0.0,0.0,0.0
S051,10.421224,79.566993,Gaja,2018-11-16,0.0,,,0.0,0.0,0.0
S052,10.348782,79.604033,Gaja,2018-11-16,0.0,0.0,0.0,0.0,0.0,0.0
S053,10.601548,79.63562,Gaja,2018-11-16,0.0,0.0,,0.0,0.0,0.0
S054,10.369853,79.69079,Gaja,2018-11-16,-30.0,30.0,0.0,30.0,0.0,0.0
S055,10.351852,79.711413,Gaja,2018-11-16,0.0,,,0.0,0.0,0.0
S056,10.343454,79.7372,Gaja,2018-11-16,,,,,,
S057,10.33136,79.76647,Gaja,2018-11-16,,,0.0,0.0,0.0,0.0
S058,10.354391,79.78291,Gaja,2018-11-16,,,,,,
S059,10.561279,79.806229,Gaja,2018-11-16,,,,,,
S060,10.523877,79.814963,Gaja,2018-11-16,-60.0,60.0,,60.0,0.0,0.0
S061,10.332374,79.819797,Gaja,2018-11-16,-70.0,70.0,-20.0,70.0,-6.67,-32.89
S062,10.709222,79.832444,Gaja,2018-11-16,-240.0,,,-240.0,-240.0,-1183.43
S063,10.507528,79.405986,Gaja,2018-11-16,0.0,0.0,0.0,0.0,0.0,0.0
S064,10.577228,79.422898,Gaja,2018-11-16,0.0,0.0,0.0,0.0,0.0,0.0
S065,10.56125,79.446006,Gaja,2018-11-16,,,,,,
S066,10.722855,79.454238,Gaja,2018-11-16,0.0,0.0,,0.0,0.0,0.0
S067,10.565138,79.464627,Gaja,2018-11-16,0.0,0.0,0.0,0.0,0.0,0.0
S068,10.44293,79.470802,Gaja,2018-11-16,0.0,-30.0,,0.0,-15.0,-73.96
S069,10.676211,79.47431,Gaja,2018-11-16,0.0,0.0,,0.0,0.0,0.0
S070,10.744056,79.481742,Gaja,2018-11-16,0.0,0.0,,0.0,0.0,0.0
S071,10.486134,79.486851,Gaja,2018-11-16,0.0,0.0,0.0,0.0,0.0,0.0
S072,10.61581,79.491883,Gaja,2018-11-16,0.0,0.0,-50.0,0.0,-16.67,-82.2
S073,10.38618,79.496193,Gaja,2018-11-16,0.0,0.0,,0.0,0.0,0.0
S074,10.356008,79.501816,Gaja,2018-11-16,-110.0,-90.0,,-90.0,-100.0,-493.1
S075,10.435705,79.510752,Gaja,2018-11-16,10.0,-10.0,,10.0,0.0,0.0
S076,10.574874,79.515294,Gaja,2018-11-16,0.0,0.0,0.0,0.0,0.0,0.0
S077,10.524557,79.524764,Gaja,2018-11-16,0.0,0.0,,0.0,0.0,0.0
S078,10.32467,79.529174,Gaja,2018-11-16,0.0,0.0,,0.0,0.0,0.0
S079,10.518392,79.540599,Gaja,2018-11-16,0.0,0.0,0.0,0.0,0.0,0.0
S080,10.67224,79.551845,Gaja,2018-11-16,0.0,0.0,0.0,0.0,0.0,0.0
S081,10.649214,79.558261,Gaja,2018-11-16,0.0,0.0,0.0,0.0,0.0,0.0
S082,10.42053,79.573573,Gaja,2018-11-16,0.0,,,0.0,0.0,0.0
S083,10.735747,79.579247,Gaja,2018-11-16,0.0,0.0,,0.0,0.0,0.0
S084,10.343741,79.58844,Gaja,2018-11-16,0.0,0.0,,0.0,0.0,0.0
S085,10.493861,79.594342,Gaja,2018-11-16,0.0,0.0,,0.0,0.0,0.0
S086,10.366404,79.601763,Gaja,2018-11-16,-180.0,,,-180.0,-180.0,-887.57
S087,10.592301,79.609249,Gaja,2018-11-16,0.0,0.0,-80.0,0.0,-26.67,-131.51
S088,10.664963,79.622266,Gaja,2018-11-16,0.0,0.0,,0.0,0.0,0.0
S089,10.389413,79.632713,Gaja,2018-11-16,0.0,,,0.0,0.0,0.0
S090,10.451085,79.655464,Gaja,2018-11-16,-20.0,,,-20.0,-20.0,-98.62
S091,10.546642,79.67287,Gaja,2018-11-16,0.0,0.0,,0.0,0.0,0.0
S092,10.596161,79.687098,Gaja,2018-11-16,0.0,0.0,,0.0,0.0,0.0
S093,10.490588,79.696407,Gaja,2018-11-16,0.0,0.0,-80.0,0.0,-26.67,-131.51
S094,10.360079,79.711105,Gaja,2018-11-16,30.0,,,30.0,30.0,147.93
S095,10.498315,79.728901,Gaja,2018-11-16,0.0,0.0,,0.0,0.0,0.0
S096,10.638674,79.757483,Gaja,2018-11-16,,,-200.0,-200.0,-200.0,-986.19
S097,10.490304,79.761002,Gaja,2018-11-16,,,,,,
S098,10.501115,79.774116,Gaja,2018-11-16,,,,,,
S099,10.488766,79.784215,Gaja,2018-11-16,,,,,,
S100,10.557706,79.793998,Gaja,2018-11-16,,,,,,
S101,10.558548,79.801214,Gaja,2018-11-16,,,,,,
S102,10.646731,79.806447,Gaja,2018-11-16,0.0,,,0.0,0.0,0.0
S103,10.411276,79.809179,Gaja,2018-11-16,,,,,,
S104,10.535001,79.81556,Gaja,2018-11-16,,,,,,
S105,10.581683,79.821688,Gaja,2018-11-16,,,,,,
S106,10.491357,79.824041,Gaja,2018-11-16,0.0,0.0,,0.0,0.0,0.0
S107,10.729007,79.827887,Gaja,2018-11-16,0.0,0.0,0.0,0.0,0.0,0.0
S108,10.321306,79.834905,Gaja,2018-11-16,0.0,,,0.0,0.0,0.0
S109,10.381483,79.846922,Gaja,2018-11-16,0.0,0.0,,0.0,0.0,0.0
S110,10.406587,79.86245,Gaja,2018-11-16,0.0,-230.0,,0.0,-115.0,-567.06
S111,10.343334,79.776377,Gaja,2018-11-16,,,,,,
S112,10.358177,79.756136,Gaja,2018-11-16,,,0.0,0.0,0.0,0.0
S113,10.365862,79.709986,Gaja,2018-11-16,0.0,0.0,0.0,0.0,0.0,0.0
S114,10.346579,79.72705,Gaja,2018-11-16,-60.0,,,-60.0,-60.0,-295.86
S115,10.343084,79.758296,Gaja,2018-11-16,,,0.0,0.0,0.0,0.0
S116,10.345224,79.773904,Gaja,2018-11-16,,,,,,
S117,10.659538,79.751548,Gaja,2018-11-16,,,,,,
S118,10.358696,79.704535,Gaja,2018-11-16,,,,,,
S119,10.334039,79.830201,Gaja,2018-11-16,-220.0,220.0,-20.0,220.0,-6.67,-32.89
S120,10.341107,79.834284,Gaja,2018-11-16,20.0,-150.0,-50.0,20.0,-60.0,-295.86
S121,10.68831,79.826032,Gaja,2018-11-16,-30.0,-10.0,0.0,0.0,-13.33,-65.73
S122,10.527835,79.809648,Gaja,2018-11-16,,,,,,
S123,10.544455,79.80465,Gaja,2018-11-16,,,,,,
S124,10.531132,79.796751,Gaja,2018-11-16,,,,,,
S125,10.50475,79.778671,Gaja,2018-11-16,,,,,,
S126,10.530929,79.76742,Gaja,2018-11-16,,,,,,
S127,10.510079,79.753797,Gaja,2018-11-16,,,,,,
S128,10.503373,79.773468,Gaja,2018-11-16,,,,,,
S129,10.497848,79.818717,Gaja,2018-11-16,,,,,,
S130,10.513779,79.799011,Gaja,2018-11-16,,,,,,
S131,10.522583,79.807475,Gaja,2018-11-16,,,,,,
S132,10.528466,79.809097,Gaja,2018-11-16,,,,,,
S133,10.353657,79.623189,Gaja,2018-11-16,-130.0,-20.0,20.0,20.0,-43.33,-213.66
S134,10.339105,79.624622,Gaja,2018-11-16,,,,,,
S135,10.33852,79.635856,Gaja,2018-11-16,-60.0,40.0,60.0,60.0,13.33,65.73
S136,10.431459,79.632895,Gaja,2018-11-16,0.0,0.0,,0.0,0.0,0.0
S137,10.441594,79.656145,Gaja,2018-11-16,,,20.0,20.0,20.0,98.62
S138,10.445935,79.656309,Gaja,2018-11-16,-70.0,-20.0,90.0,90.0,0.0,0.0
S139,10.453207,79.644128,Gaja,2018-11-16,0.0,0.0,0.0,0.0,0.0,0.0
S140,10.411561,79.631704,Gaja,2018-11-16,0.0,0.0,0.0,0.0,0.0,0.0
S141,10.335486,79.62409,Gaja,2018-11-16,,,,,,
S142,10.320173,79.637853,Gaja,2018-11-16,,,0.0,0.0,0.0,0.0
S143,10.311065,79.643644,Gaja,2018-11-16,,,,,,
S144,10.338235,79.654121,Gaja,2018-11-16,,,0.0,0.0,0.0,0.0
S145,10.335474,79.664086,Gaja,2018-11-16,,,0.0,0.0,0.0,0.0
S146,10.348123,79.640198,Gaja,2018-11-16,,,0.0,0.0,0.0,0.0
S147,10.344597,79.849249,Gaja,2018-11-16,,,-10.0,-10.0,-10.0,-49.31
S148,10.343504,79.797472,Gaja,2018-11-16,30.0,,,30.0,30.0,147.93
S149,10.308707,79.801987,Gaja,2018-11-16,0.0,,,0.0,0.0,0.0
S150,10.308781,79.822076,Gaja,2018-11-16,0.0,0.0,0.0,0.0,0.0,0.0
S151,10.338681,79.813654,Gaja,2018-11-16,-210.0,230.0,-40.0,230.0,-6.67,-32.89
S152,10.497576,79.747543,Gaja,2018-11-16,,,,,,
S153,10.323968,79.820832,Gaja,2018-11-16,,,10.0,10.0,10.0,49.31
S154,10.322707,79.63839,Gaja,2018-11-16,,,0.0,0.0,0.0,0.0
S155,10.342272,79.806518,Gaja,2018-11-16,,,,,,
S156,10.563436,79.802657,Gaja,2018-11-16,,,,,,
S157,10.564521,79.802653,Gaja,2018-11-16,,,,,,
S158,10.348476,79.457747,Gaja,2018-11-16,,,,,,
S159,10.548054,79.8241,Gaja,2018-11-16,0.0,,,0.0,0.0,0.0
S160,10.351217,79.780456,Gaja,2018-11-16,,,,,,
S161,10.292065,79.800954,Gaja,2018-11-16,,,,,,
S162,10.350546,79.794431,Gaja,2018-11-16,,,,,,
S163,10.478096,79.832588,Gaja,2018-11-16,0.0,0.0,,0.0,0.0,0.0
S164,10.465628,79.835558,Gaja,2018-11-16,0.0,0.0,,0.0,0.0,0.0
S165,10.358902,79.482625,Gaja,2018-11-16,-140.0,,,-140.0,-140.0,-690.34
S166,10.351133,79.690138,Gaja,2018-11-16,0.0,,,0.0,0.0,0.0
S167,10.341796,79.662415,Gaja,2018-11-16,0.0,0.0,0.0,0.0,0.0,0.0
S168,10.335874,79.673399,Gaja,2018-11-16,0.0,0.0,0.0,0.0,0.0,0.0
S169,10.337589,79.69476,Gaja,2018-11-16,40.0,-130.0,130.0,130.0,13.33,65.73
S170,10.636874,79.830343,Gaja,2018-11-16,0.0,0.0,,0.0,0.0,0.0
S171,10.704863,79.827615,Gaja,2018-11-16,0.0,0.0,0.0,0.0,0.0,0.0
S172,10.369648,79.499011,Gaja,2018-11-16,0.0,0.0,,0.0,0.0,0.0
S173,10.380617,79.486082,Gaja,2018-11-16,0.0,,,0.0,0.0,0.0
S174,10.380496,79.518138,Gaja,2018-11-16,-80.0,,,-80.0,-80.0,-394.48
S175,10.624994,79.797208,Gaja,2018-11-16,0.0,0.0,,0.0,0.0,0.0
S176,10.359076,79.500431,Gaja,2018-11-16,-10.0,,,-10.0,-10.0,-49.31
S177,10.501563,79.7965,Gaja,2018-11-16,,,,,,
S178,10.363207,79.533652,Gaja,2018-11-16,,,,,,
S179,10.444692,79.619227,Gaja,2018-11-16,0.0,-20.0,-20.0,0.0,-13.33,-65.73
S180,10.583263,79.808978,Gaja,2018-11-16,,,,,,
S181,10.715906,79.830589,Gaja,2018-11-16,,,70.0,70.0,70.0,345.17
S182,10.329512,79.828483,Gaja,2018-11-16,-10.0,,,-10.0,-10.0,-49.31
S183,10.619833,79.795491,Gaja,2018-11-16,,,,,,
S184,10.35394,79.857434,Gaja,2018-11-16,-60.0,,,-60.0,-60.0,-295.86
S185,10.353072,79.571961,Gaja,2018-11-16,,,,,,
S186,10.52169,79.740318,Gaja,2018-11-16,,,,,,
S187,10.355467,79.482916,Gaja,2018-11-16,0.0,-120.0,,0.0,-60.0,-295.86
S188,10.542453,79.644561,Gaja,2018-11-16,-90.0,90.0,,90.0,0.0,0.0
S189,10.341161,79.824056,Gaja,2018-11-16,-10.0,0.0,-10.0,0.0,-6.67,-32.89
S190,10.365562,79.51492,Gaja,2018-11-16,0.0,0.0,,0.0,0.0,0.0
S191,10.362017,79.4722,Gaja,2018-11-16,,,,,,
S192,10.344094,79.835095,Gaja,2018-11-16,10.0,0.0,-80.0,10.0,-23.33,-115.04
S193,10.497346,79.758233,Gaja,2018-11-16,,,,,,
S194,10.341781,79.680771,Gaja,2018-11-16,0.0,,,0.0,0.0,0.0
S195,10.370874,79.789696,Gaja,2018-11-16,,,,,,
S196,10.339701,79.8205,Gaja,2018-11-16,-30.0,,,-30.0,-30.0,-147.93
S197,10.548038,79.819805,Gaja,2018-11-16,-120.0,100.0,,100.0,-10.0,-49.31
S198,10.735326,79.585924,Gaja,2018-11-16,0.0,0.0,,0.0,0.0,0.0
S199,10.332979,79.629853,Gaja,2018-11-16,,,,,,
S200,10.536221,79.827435,Gaja,2018-11-16,0.0,0.0,,0.0,0.0,0.0
