section_id,lat,lon,storm,storm_date,year,mangrove_width_m,mangrove_density,dune_height_m,dune_width_m,storm_wind_ms,storm_pressure_hpa,wave_height_m,wave_period_s,terrain_elev_m,terrain_slope_deg,energy_index,mangrove_protection,dune_protection,terrain_exposure,composite_erosion_idx,shoreline_retreat_m
S001,13.312,80.348,Vardah,2016-12-12,2016,150.7,0.278,3.45,105.8,31.29,986.72,3.81,8.3,2.65,1.5,0.57658,0.86889,0.4251,0.70967,0.15114,11.1
S001,13.312,80.348,Gaja,2018-11-16,2018,150.7,0.278,3.45,105.8,7.6,1010.59,0.74,3.77,2.65,1.5,0.01402,0.86889,0.4251,0.70967,0.00367,-1.1
S001,13.312,80.348,Nivar,2020-11-27,2020,150.7,0.278,3.45,105.8,11.53,1006.67,1.35,4.44,2.65,1.5,0.04606,0.86889,0.4251,0.70967,0.01207,0.7
S001,13.312,80.348,Michaung,2023-12-04,2023,150.7,0.278,3.45,105.8,25.62,994.18,2.95,7.57,2.65,1.5,0.33448,0.86889,0.4251,0.70967,0.08768,5.6
S002,13.285642,80.344519,Vardah,2016-12-12,2016,367.5,0.391,1.85,124.8,32.33,988.14,3.95,8.57,6.54,1.5,0.62739,0.76345,0.5183,0.48096,0.1194,9.2
S002,13.285642,80.344519,Gaja,2018-11-16,2018,367.5,0.391,1.85,124.8,8.46,1011.71,0.87,4.12,6.54,1.5,0.01915,0.76345,0.5183,0.48096,0.00364,-0.3
S002,13.285642,80.344519,Nivar,2020-11-27,2020,367.5,0.391,1.85,124.8,12.87,1007.12,1.45,4.51,6.54,1.5,0.05879,0.76345,0.5183,0.48096,0.01119,1.8
S002,13.285642,80.344519,Michaung,2023-12-04,2023,367.5,0.391,1.85,124.8,25.65,993.67,3.18,7.98,6.54,1.5,0.35589,0.76345,0.5183,0.48096,0.06773,6.0
S003,13.259284,80.341037,Vardah,2016-12-12,2016,0.0,0.394,1.89,179.2,34.67,986.54,3.89,7.96,5.17,0.91,0.69793,0.9015,0.47515,0.49881,0.14912,10.4
S003,13.259284,80.341037,Gaja,2018-11-16,2018,0.0,0.394,1.89,179.2,8.31,1010.55,0.83,4.03,5.17,0.91,0.01789,0.9015,0.47515,0.49881,0.00382,-1.2
S003,13.259284,80.341037,Nivar,2020-11-27,2020,0.0,0.394,1.89,179.2,12.64,1008.21,1.25,5.02,5.17,0.91,0.05063,0.9015,0.47515,0.49881,0.01082,0.2
S003,13.259284,80.341037,Michaung,2023-12-04,2023,0.0,0.394,1.89,179.2,26.24,995.08,3.2,7.76,5.17,0.91,0.37178,0.9015,0.47515,0.49881,0.07944,4.2
S004,13.232925,80.337556,Vardah,2016-12-12,2016,123.2,0.262,2.73,143.9,35.17,985.04,4.22,8.63,8.03,1.62,0.76326,0.88361,0.44431,0.42245,0.12659,8.8
S004,13.232925,80.337556,Gaja,2018-11-16,2018,123.2,0.262,2.73,143.9,9.11,1010.56,0.69,4.11,8.03,1.62,0.01804,0.88361,0.44431,0.42245,0.00299,0.4
S004,13.232925,80.337556,Nivar,2020-11-27,2020,123.2,0.262,2.73,143.9,14.09,1006.8,1.24,5.08,8.03,1.62,0.06051,0.88361,0.44431,0.42245,0.01004,0.3
S004,13.232925,80.337556,Michaung,2023-12-04,2023,123.2,0.262,2.73,143.9,26.61,993.15,3.38,7.42,8.03,1.62,0.39778,0.88361,0.44431,0.42245,0.06597,4.0
S005,13.206567,80.334075,Vardah,2016-12-12,2016,18.2,0.218,2.77,142.2,35.14,984.07,4.33,9.11,9.06,0.93,0.778,0.93771,0.44295,0.33927,0.10964,6.3
S005,13.206567,80.334075,Gaja,2018-11-16,2018,18.2,0.218,2.77,142.2,9.21,1008.98,0.85,3.82,9.06,0.93,0.02171,0.93771,0.44295,0.33927,0.00306,-0.6
S005,13.206567,80.334075,Nivar,2020-11-27,2020,18.2,0.218,2.77,142.2,14.21,1006.39,1.41,4.78,9.06,0.93,0.06803,0.93771,0.44295,0.33927,0.00959,-1.3
S005,13.206567,80.334075,Michaung,2023-12-04,2023,18.2,0.218,2.77,142.2,25.98,993.89,3.0,7.57,9.06,0.93,0.34715,0.93771,0.44295,0.33927,0.04892,2.6
S006,13.180209,80.330594,Vardah,2016-12-12,2016,191.8,0.297,2.08,195.1,37.24,984.77,4.32,9.18,4.37,1.92,0.8571,0.84846,0.45263,0.63822,0.21008,14.0
S006,13.180209,80.330594,Gaja,2018-11-16,2018,191.8,0.297,2.08,195.1,9.75,1010.04,0.99,3.81,4.37,1.92,0.02702,0.84846,0.45263,0.63822,0.00662,-0.6
S006,13.180209,80.330594,Nivar,2020-11-27,2020,191.8,0.297,2.08,195.1,13.35,1006.7,1.39,5.06,4.37,1.92,0.06049,0.84846,0.45263,0.63822,0.01483,0.5
S006,13.180209,80.330594,Michaung,2023-12-04,2023,191.8,0.297,2.08,195.1,27.94,992.91,3.32,7.77,4.37,1.92,0.42601,0.84846,0.45263,0.63822,0.10442,7.5
S007,13.153851,80.327112,Vardah,2016-12-12,2016,407.7,0.272,0.72,97.2,37.11,984.98,4.61,9.25,9.56,1.65,0.89748,0.77434,0.66331,0.36425,0.16791,14.4
S007,13.153851,80.327112,Gaja,2018-11-16,2018,407.7,0.272,0.72,97.2,9.41,1011.47,0.95,3.67,9.56,1.65,0.02462,0.77434,0.66331,0.36425,0.00461,-0.1
S007,13.153851,80.327112,Nivar,2020-11-27,2020,407.7,0.272,0.72,97.2,13.3,1006.81,1.45,4.99,9.56,1.65,0.06217,0.77434,0.66331,0.36425,0.01163,1.9
S007,13.153851,80.327112,Michaung,2023-12-04,2023,407.7,0.272,0.72,97.2,28.66,991.9,3.32,8.28,9.56,1.65,0.44484,0.77434,0.66331,0.36425,0.08322,6.4
S008,13.127493,80.323631,Vardah,2016-12-12,2016,343.7,0.321,4.06,76.6,36.23,982.24,4.63,9.36,2.92,1.91,0.86459,0.78672,0.40853,0.73669,0.20471,16.4
S008,13.127493,80.323631,Gaja,2018-11-16,2018,343.7,0.321,4.06,76.6,9.28,1011.49,0.88,3.77,2.92,1.91,0.02261,0.78672,0.40853,0.73669,0.00535,0.1
S008,13.127493,80.323631,Nivar,2020-11-27,2020,343.7,0.321,4.06,76.6,13.92,1006.07,1.27,4.9,2.92,1.91,0.06042,0.78672,0.40853,0.73669,0.0143,1.1
S008,13.127493,80.323631,Michaung,2023-12-04,2023,343.7,0.321,4.06,76.6,27.17,992.41,3.38,7.6,2.92,1.91,0.41211,0.78672,0.40853,0.73669,0.09758,5.8
S009,13.101135,80.32015,Vardah,2016-12-12,2016,194.5,0.31,1.93,137.5,38.1,982.23,4.93,9.52,9.96,2.21,0.99033,0.84444,0.50213,0.38099,0.15999,9.9
S009,13.101135,80.32015,Gaja,2018-11-16,2018,194.5,0.31,1.93,137.5,8.93,1011.17,0.91,4.08,9.96,2.21,0.02176,0.84444,0.50213,0.38099,0.00351,-0.7
S009,13.101135,80.32015,Nivar,2020-11-27,2020,194.5,0.31,1.93,137.5,14.15,1006.24,1.62,4.84,9.96,2.21,0.07548,0.84444,0.50213,0.38099,0.01219,0.5
S009,13.101135,80.32015,Michaung,2023-12-04,2023,194.5,0.31,1.93,137.5,24.67,992.67,3.18,7.49,9.96,2.21,0.33309,0.84444,0.50213,0.38099,0.05381,4.0
S010,13.077413,80.308288,Vardah,2016-12-12,2016,255.9,0.195,2.11,46.4,39.22,978.92,4.87,9.26,2.87,0.68,1.03018,0.8468,0.56427,0.60191,0.29629,21.0
S010,13.077413,80.308288,Gaja,2018-11-16,2018,255.9,0.195,2.11,46.4,8.15,1010.93,0.86,4.04,2.87,0.68,0.0178,0.8468,0.56427,0.60191,0.00512,0.5
S010,13.077413,80.308288,Nivar,2020-11-27,2020,255.9,0.195,2.11,46.4,14.09,1004.47,1.37,4.94,2.87,0.68,0.06553,0.8468,0.56427,0.60191,0.01885,1.3
S010,13.077413,80.308288,Michaung,2023-12-04,2023,255.9,0.195,2.11,46.4,25.79,994.22,3.14,7.39,2.87,0.68,0.35558,0.8468,0.56427,0.60191,0.10227,6.8
S011,13.05381,80.29605,Vardah,2016-12-12,2016,228.9,0.124,3.25,117.4,40.37,980.07,5.19,9.5,5.73,0.84,1.13858,0.87325,0.4297,0.46572,0.19897,12.9
S011,13.05381,80.29605,Gaja,2018-11-16,2018,228.9,0.124,3.25,117.4,9.58,1010.83,0.84,3.59,5.73,0.84,0.023,0.87325,0.4297,0.46572,0.00402,-0.2
S011,13.05381,80.29605,Nivar,2020-11-27,2020,228.9,0.124,3.25,117.4,13.65,1004.11,1.48,4.87,5.73,0.84,0.06605,0.87325,0.4297,0.46572,0.01154,1.3
S011,13.05381,80.29605,Michaung,2023-12-04,2023,228.9,0.124,3.25,117.4,26.23,993.53,3.07,7.05,5.73,0.84,0.35941,0.87325,0.4297,0.46572,0.06281,3.6
S012,13.030207,80.283811,Vardah,2016-12-12,2016,70.0,0.0,1.15,105.0,41.45,979.53,5.0,10.1,3.36,1.51,1.15583,0.96868,0.60241,0.6621,0.44657,31.6
S012,13.030207,80.283811,Gaja,2018-11-16,2018,70.0,0.0,1.15,105.0,8.3,1011.36,1.11,4.11,3.36,1.51,0.02252,0.96868,0.60241,0.6621,0.0087,0.6
S012,13.030207,80.283811,Nivar,2020-11-27,2020,70.0,0.0,1.15,105.0,12.96,1003.66,1.62,5.09,3.36,1.51,0.06501,0.96868,0.60241,0.6621,0.02512,0.8
S012,13.030207,80.283811,Michaung,2023-12-04,2023,70.0,0.0,1.15,105.0,25.28,994.86,3.14,7.44,3.36,1.51,0.34371,0.96868,0.60241,0.6621,0.1328,11.1
S013,13.006605,80.271573,Vardah,2016-12-12,2016,106.9,0.271,4.36,100.7,41.91,978.01,5.31,9.74,9.09,0.85,1.23579,0.88803,0.38313,0.33342,0.14019,12.4
S013,13.006605,80.271573,Gaja,2018-11-16,2018,106.9,0.271,4.36,100.7,9.67,1011.03,0.98,4.47,9.09,0.85,0.02643,0.88803,0.38313,0.33342,0.003,1.0
S013,13.006605,80.271573,Nivar,2020-11-27,2020,106.9,0.271,4.36,100.7,13.65,1006.19,1.59,5.25,9.09,0.85,0.06995,0.88803,0.38313,0.33342,0.00793,-0.7
S013,13.006605,80.271573,Michaung,2023-12-04,2023,106.9,0.271,4.36,100.7,25.15,994.75,2.98,7.23,9.09,0.85,0.32675,0.88803,0.38313,0.33342,0.03707,4.5
S014,12.983002,80.259334,Vardah,2016-12-12,2016,84.0,0.102,3.73,95.5,42.52,979.1,5.07,9.71,2.81,1.75,1.22051,0.93799,0.41571,0.72671,0.34586,28.4
S014,12.983002,80.259334,Gaja,2018-11-16,2018,84.0,0.102,3.73,95.5,9.17,1010.32,1.04,3.88,2.81,1.75,0.02533,0.93799,0.41571,0.72671,0.00718,0.5
S014,12.983002,80.259334,Nivar,2020-11-27,2020,84.0,0.102,3.73,95.5,13.9,1005.4,1.9,5.45,2.81,1.75,0.08319,0.93799,0.41571,0.72671,0.02357,3.3
S014,12.983002,80.259334,Michaung,2023-12-04,2023,84.0,0.102,3.73,95.5,23.56,995.95,2.79,7.14,2.81,1.75,0.2774,0.93799,0.41571,0.72671,0.07861,7.0
S015,12.959399,80.247096,Vardah,2016-12-12,2016,59.8,0.133,2.61,115.1,40.08,978.87,4.78,9.28,1.3,1.87,1.05305,0.94083,0.46986,0.86097,0.40079,32.1
S015,12.959399,80.247096,Gaja,2018-11-16,2018,59.8,0.133,2.61,115.1,11.15,1011.68,0.71,4.38,1.3,1.87,0.02602,0.94083,0.46986,0.86097,0.0099,1.7
S015,12.959399,80.247096,Nivar,2020-11-27,2020,59.8,0.133,2.61,115.1,14.16,1004.36,1.83,5.46,1.3,1.87,0.08331,0.94083,0.46986,0.86097,0.03171,1.2
S015,12.959399,80.247096,Michaung,2023-12-04,2023,59.8,0.133,2.61,115.1,24.25,994.53,2.81,7.38,1.3,1.87,0.29302,0.94083,0.46986,0.86097,0.11152,8.8
S016,12.935796,80.234857,Vardah,2016-12-12,2016,191.1,0.272,1.84,123.7,38.69,981.62,4.93,9.79,2.35,0.7,1.01654,0.85446,0.51999,0.63641,0.28744,20.0
S016,12.935796,80.234857,Gaja,2018-11-16,2018,191.1,0.272,1.84,123.7,10.44,1011.11,0.98,4.07,2.35,0.7,0.03011,0.85446,0.51999,0.63641,0.00851,0.3
S016,12.935796,80.234857,Nivar,2020-11-27,2020,191.1,0.272,1.84,123.7,14.66,1003.6,1.69,5.44,2.35,0.7,0.08292,0.85446,0.51999,0.63641,0.02345,3.0
S016,12.935796,80.234857,Michaung,2023-12-04,2023,191.1,0.272,1.84,123.7,23.26,997.51,2.9,6.93,2.35,0.7,0.27995,0.85446,0.51999,0.63641,0.07916,5.9
S017,12.912193,80.222619,Vardah,2016-12-12,2016,295.8,0.147,1.84,129.0,38.01,982.86,4.78,9.0,7.46,1.15,0.96227,0.84207,0.51573,0.41379,0.17292,11.5
S017,12.912193,80.222619,Gaja,2018-11-16,2018,295.8,0.147,1.84,129.0,10.96,1010.31,1.01,4.2,7.46,1.15,0.0335,0.84207,0.51573,0.41379,0.00602,-0.6
S017,12.912193,80.222619,Nivar,2020-11-27,2020,295.8,0.147,1.84,129.0,16.29,1003.01,1.68,5.7,7.46,1.15,0.09873,0.84207,0.51573,0.41379,0.01774,1.5
S017,12.912193,80.222619,Michaung,2023-12-04,2023,295.8,0.147,1.84,129.0,22.6,997.51,2.71,6.9,7.46,1.15,0.25252,0.84207,0.51573,0.41379,0.04538,3.6
S018,12.888591,80.21038,Vardah,2016-12-12,2016,230.0,0.199,2.18,161.7,36.76,982.69,4.55,8.74,6.36,1.96,0.87393,0.85592,0.46749,0.52623,0.18402,12.1
S018,12.888591,80.21038,Gaja,2018-11-16,2018,230.0,0.199,2.18,161.7,10.98,1010.69,0.81,3.69,6.36,1.96,0.02817,0.85592,0.46749,0.52623,0.00593,0.3
S018,12.888591,80.21038,Nivar,2020-11-27,2020,230.0,0.199,2.18,161.7,17.38,1003.72,1.95,5.57,6.36,1.96,0.12418,0.85592,0.46749,0.52623,0.02615,2.3
S018,12.888591,80.21038,Michaung,2023-12-04,2023,230.0,0.199,2.18,161.7,21.34,998.34,2.61,7.02,6.36,1.96,0.22226,0.85592,0.46749,0.52623,0.0468,2.5
S019,12.864988,80.198142,Vardah,2016-12-12,2016,90.2,0.165,3.7,104.7,36.64,983.78,4.46,9.08,9.79,1.14,0.8553,0.92024,0.41252,0.32722,0.10625,7.0
S019,12.864988,80.198142,Gaja,2018-11-16,2018,90.2,0.165,3.7,104.7,9.28,1011.59,1.1,3.9,9.79,1.14,0.02703,0.92024,0.41252,0.32722,0.00336,0.8
S019,12.864988,80.198142,Nivar,2020-11-27,2020,90.2,0.165,3.7,104.7,15.8,1002.66,1.95,5.12,9.79,1.14,0.1056,0.92024,0.41252,0.32722,0.01312,1.8
S019,12.864988,80.198142,Michaung,2023-12-04,2023,90.2,0.165,3.7,104.7,21.78,997.85,2.65,6.86,9.79,1.14,0.23293,0.92024,0.41252,0.32722,0.02893,1.2
S020,12.841385,80.185903,Vardah,2016-12-12,2016,340.8,0.19,2.01,93.1,36.26,984.4,4.22,8.79,8.73,0.87,0.80391,0.81581,0.53126,0.3469,0.12087,9.2
S020,12.841385,80.185903,Gaja,2018-11-16,2018,340.8,0.19,2.01,93.1,11.22,1010.81,0.84,4.23,8.73,0.87,0.03008,0.81581,0.53126,0.3469,0.00452,1.1
S020,12.841385,80.185903,Nivar,2020-11-27,2020,340.8,0.19,2.01,93.1,17.24,1003.97,1.9,5.58,8.73,0.87,0.11996,0.81581,0.53126,0.3469,0.01804,0.6
S020,12.841385,80.185903,Michaung,2023-12-04,2023,340.8,0.19,2.01,93.1,20.05,998.7,2.57,6.76,8.73,0.87,0.19746,0.81581,0.53126,0.3469,0.02969,0.6
S021,12.816612,80.176812,Vardah,2016-12-12,2016,76.0,0.11,3.04,94.9,35.41,986.75,4.28,8.67,1.9,1.17,0.7809,0.93948,0.45523,0.724,0.2418,17.6
S021,12.816612,80.176812,Gaja,2018-11-16,2018,76.0,0.11,3.04,94.9,11.59,1009.34,1.02,3.93,1.9,1.17,0.03713,0.93948,0.45523,0.724,0.0115,0.3
S021,12.816612,80.176812,Nivar,2020-11-27,2020,76.0,0.11,3.04,94.9,16.89,1004.15,2.11,5.77,1.9,1.17,0.12599,0.93948,0.45523,0.724,0.03901,2.4
S021,12.816612,80.176812,Michaung,2023-12-04,2023,76.0,0.11,3.04,94.9,23.16,998.49,2.42,6.09,1.9,1.17,0.24046,0.93948,0.45523,0.724,0.07445,6.7
S022,12.790748,80.170654,Vardah,2016-12-12,2016,88.7,0.217,3.57,130.4,34.9,987.81,4.0,8.9,5.66,1.86,0.72174,0.90838,0.40614,0.55587,0.14801,10.6
S022,12.790748,80.170654,Gaja,2018-11-16,2018,88.7,0.217,3.57,130.4,10.69,1008.76,1.19,4.34,5.66,1.86,0.03661,0.90838,0.40614,0.55587,0.00751,0.5
S022,12.790748,80.170654,Nivar,2020-11-27,2020,88.7,0.217,3.57,130.4,17.73,1002.17,1.86,5.6,5.66,1.86,0.12369,0.90838,0.40614,0.55587,0.02537,-0.1
S022,12.790748,80.170654,Michaung,2023-12-04,2023,88.7,0.217,3.57,130.4,21.47,1000.18,2.35,6.54,5.66,1.86,0.20649,0.90838,0.40614,0.55587,0.04235,2.7
S023,12.764884,80.164496,Vardah,2016-12-12,2016,116.5,0.129,1.44,111.2,33.64,986.12,3.96,8.66,4.83,0.79,0.67257,0.91784,0.56638,0.50496,0.17655,11.3
S023,12.764884,80.164496,Gaja,2018-11-16,2018,116.5,0.129,1.44,111.2,11.75,1010.03,0.91,4.47,4.83,0.79,0.03469,0.91784,0.56638,0.50496,0.00911,1.2
S023,12.764884,80.164496,Nivar,2020-11-27,2020,116.5,0.129,1.44,111.2,18.09,1003.45,1.89,5.75,4.83,0.79,0.12964,0.91784,0.56638,0.50496,0.03403,2.0
S023,12.764884,80.164496,Michaung,2023-12-04,2023,116.5,0.129,1.44,111.2,19.36,999.39,2.55,6.43,4.83,0.79,0.18488,0.91784,0.56638,0.50496,0.04853,1.8
S024,12.739019,80.158338,Vardah,2016-12-12,2016,37.2,0.195,0.45,116.8,31.4,988.68,3.96,8.1,6.6,1.05,0.59822,0.9353,0.67322,0.4432,0.16694,10.5
S024,12.739019,80.158338,Gaja,2018-11-16,2018,37.2,0.195,0.45,116.8,9.04,1011.04,0.99,4.52,6.6,1.05,0.02376,0.9353,0.67322,0.4432,0.00663,0.5
S024,12.739019,80.158338,Nivar,2020-11-27,2020,37.2,0.195,0.45,116.8,18.95,1002.4,2.11,6.03,6.6,1.05,0.15321,0.9353,0.67322,0.4432,0.04276,3.4
S024,12.739019,80.158338,Michaung,2023-12-04,2023,37.2,0.195,0.45,116.8,20.3,999.79,2.57,6.06,6.6,1.05,0.20166,0.9353,0.67322,0.4432,0.05628,3.7
S025,12.713155,80.15218,Vardah,2016-12-12,2016,342.0,0.229,2.14,111.1,31.95,988.38,3.83,8.21,3.46,1.65,0.59991,0.80702,0.50625,0.67037,0.16431,11.7
S025,12.713155,80.15218,Gaja,2018-11-16,2018,342.0,0.229,2.14,111.1,9.04,1009.82,0.91,3.77,3.46,1.65,0.02222,0.80702,0.50625,0.67037,0.00608,0.6
S025,12.713155,80.15218,Nivar,2020-11-27,2020,342.0,0.229,2.14,111.1,18.5,1002.31,2.12,5.43,3.46,1.65,0.14763,0.80702,0.50625,0.67037,0.04043,1.6
S025,12.713155,80.15218,Michaung,2023-12-04,2023,342.0,0.229,2.14,111.1,21.24,999.5,2.36,6.04,3.46,1.65,0.20343,0.80702,0.50625,0.67037,0.05572,4.1
S026,12.687291,80.146022,Vardah,2016-12-12,2016,328.4,0.133,1.3,140.2,30.74,989.2,3.8,7.89,8.67,1.27,0.55828,0.83269,0.5523,0.3742,0.09608,5.5
S026,12.687291,80.146022,Gaja,2018-11-16,2018,328.4,0.133,1.3,140.2,10.62,1008.76,1.11,4.88,8.67,1.27,0.03425,0.83269,0.5523,0.3742,0.00589,1.8
S026,12.687291,80.146022,Nivar,2020-11-27,2020,328.4,0.133,1.3,140.2,19.0,1001.51,1.86,5.65,8.67,1.27,0.13913,0.83269,0.5523,0.3742,0.02394,2.9
S026,12.687291,80.146022,Michaung,2023-12-04,2023,328.4,0.133,1.3,140.2,18.68,1000.12,2.22,5.87,8.67,1.27,0.15572,0.83269,0.5523,0.3742,0.0268,0.6
S027,12.661427,80.139864,Vardah,2016-12-12,2016,0.0,0.198,2.55,64.3,30.54,988.71,3.61,7.68,5.59,1.52,0.52992,0.9505,0.51075,0.53061,0.13651,10.5
S027,12.661427,80.139864,Gaja,2018-11-16,2018,0.0,0.198,2.55,64.3,10.32,1009.49,1.14,4.21,5.59,1.52,0.03332,0.9505,0.51075,0.53061,0.00858,0.4
S027,12.661427,80.139864,Nivar,2020-11-27,2020,0.0,0.198,2.55,64.3,19.13,1001.79,2.11,6.07,5.59,1.52,0.15569,0.9505,0.51075,0.53061,0.04011,2.2
S027,12.661427,80.139864,Michaung,2023-12-04,2023,0.0,0.198,2.55,64.3,18.29,1001.64,2.25,6.18,5.59,1.52,0.15186,0.9505,0.51075,0.53061,0.03912,3.1
S028,12.635563,80.133705,Vardah,2016-12-12,2016,147.5,0.173,2.7,103.4,29.97,990.63,3.73,7.99,9.24,1.23,0.52682,0.89471,0.47165,0.35108,0.07805,5.3
S028,12.635563,80.133705,Gaja,2018-11-16,2018,147.5,0.173,2.7,103.4,11.71,1009.72,1.16,4.33,9.24,1.23,0.04188,0.89471,0.47165,0.35108,0.00621,0.7
S028,12.635563,80.133705,Nivar,2020-11-27,2020,147.5,0.173,2.7,103.4,18.49,1001.48,2.52,6.03,9.24,1.23,0.16937,0.89471,0.47165,0.35108,0.02509,1.8
S028,12.635563,80.133705,Michaung,2023-12-04,2023,147.5,0.173,2.7,103.4,18.29,1000.96,2.34,5.83,9.24,1.23,0.1567,0.89471,0.47165,0.35108,0.02322,1.1
S029,12.611446,80.123758,Vardah,2016-12-12,2016,12.0,0.109,2.82,186.1,28.03,990.1,3.33,7.8,8.52,1.85,0.42938,0.96746,0.41592,0.41696,0.07204,7.9
S029,12.611446,80.123758,Gaja,2018-11-16,2018,12.0,0.109,2.82,186.1,10.41,1008.11,1.21,4.1,8.52,1.85,0.03547,0.96746,0.41592,0.41696,0.00595,1.7
S029,12.611446,80.123758,Nivar,2020-11-27,2020,12.0,0.109,2.82,186.1,19.2,1000.07,2.2,6.39,8.52,1.85,0.16199,0.96746,0.41592,0.41696,0.02718,1.7
S029,12.611446,80.123758,Michaung,2023-12-04,2023,12.0,0.109,2.82,186.1,17.93,1001.52,1.96,6.03,8.52,1.85,0.13147,0.96746,0.41592,0.41696,0.02206,-0.2
S030,12.58997,80.108086,Vardah,2016-12-12,2016,0.0,0.318,3.58,156.4,28.32,991.93,3.49,7.67,7.0,0.74,0.45368,0.9205,0.39321,0.40273,0.06613,4.3
S030,12.58997,80.108086,Gaja,2018-11-16,2018,0.0,0.318,3.58,156.4,11.74,1010.08,1.17,4.54,7.0,0.74,0.04236,0.9205,0.39321,0.40273,0.00617,1.2
S030,12.58997,80.108086,Nivar,2020-11-27,2020,0.0,0.318,3.58,156.4,19.43,999.15,2.32,6.41,7.0,0.74,0.17247,0.9205,0.39321,0.40273,0.02514,2.7
S030,12.58997,80.108086,Michaung,2023-12-04,2023,0.0,0.318,3.58,156.4,17.26,1001.26,2.12,5.84,7.0,0.74,0.13121,0.9205,0.39321,0.40273,0.01913,-0.6
S031,12.568493,80.092414,Vardah,2016-12-12,2016,116.0,0.208,1.47,119.3,28.38,990.44,3.26,7.75,6.43,1.92,0.43114,0.89931,0.5559,0.5194,0.11195,9.7
S031,12.568493,80.092414,Gaja,2018-11-16,2018,116.0,0.208,1.47,119.3,9.94,1008.97,1.13,4.77,6.43,1.92,0.03104,0.89931,0.5559,0.5194,0.00806,0.1
S031,12.568493,80.092414,Nivar,2020-11-27,2020,116.0,0.208,1.47,119.3,19.76,1001.1,2.27,6.54,6.43,1.92,0.17442,0.89931,0.5559,0.5194,0.04529,1.7
S031,12.568493,80.092414,Michaung,2023-12-04,2023,116.0,0.208,1.47,119.3,17.57,1000.97,1.9,6.0,6.43,1.92,0.12389,0.89931,0.5559,0.5194,0.03217,2.2
S032,12.547016,80.076741,Vardah,2016-12-12,2016,0.0,0.18,2.8,94.1,27.24,991.9,3.27,7.38,6.22,1.1,0.40311,0.955,0.47119,0.46439,0.08424,7.0
S032,12.547016,80.076741,Gaja,2018-11-16,2018,0.0,0.18,2.8,94.1,8.93,1008.46,1.16,4.33,6.22,1.1,0.02642,0.955,0.47119,0.46439,0.00552,0.8
S032,12.547016,80.076741,Nivar,2020-11-27,2020,0.0,0.18,2.8,94.1,20.73,999.24,2.3,6.38,6.22,1.1,0.19122,0.955,0.47119,0.46439,0.03996,4.0
S032,12.547016,80.076741,Michaung,2023-12-04,2023,0.0,0.18,2.8,94.1,16.83,1002.54,2.01,6.12,6.22,1.1,0.12046,0.955,0.47119,0.46439,0.02517,1.5
S033,12.525539,80.061069,Vardah,2016-12-12,2016,39.3,0.12,3.67,133.3,27.7,994.05,3.21,7.15,5.77,1.21,0.40865,0.95283,0.39986,0.49503,0.07707,4.8
S033,12.525539,80.061069,Gaja,2018-11-16,2018,39.3,0.12,3.67,133.3,10.94,1009.7,1.19,4.43,5.77,1.21,0.03808,0.95283,0.39986,0.49503,0.00718,-0.6
S033,12.525539,80.061069,Nivar,2020-11-27,2020,39.3,0.12,3.67,133.3,20.13,1000.82,2.39,6.33,5.77,1.21,0.18758,0.95283,0.39986,0.49503,0.03538,3.8
S033,12.525539,80.061069,Michaung,2023-12-04,2023,39.3,0.12,3.67,133.3,17.35,1003.34,1.93,5.59,5.77,1.21,0.1228,0.95283,0.39986,0.49503,0.02316,1.4
S034,12.504062,80.045397,Vardah,2016-12-12,2016,0.0,0.154,2.68,78.1,25.28,993.55,3.18,7.56,4.7,1.59,0.34721,0.9615,0.4906,0.58656,0.09607,6.9
S034,12.504062,80.045397,Gaja,2018-11-16,2018,0.0,0.154,2.68,78.1,9.39,1008.83,1.5,4.62,4.7,1.59,0.03535,0.9615,0.4906,0.58656,0.00978,-0.1
S034,12.504062,80.045397,Nivar,2020-11-27,2020,0.0,0.154,2.68,78.1,21.77,998.11,2.3,6.52,4.7,1.59,0.20781,0.9615,0.4906,0.58656,0.0575,4.2
S034,12.504062,80.045397,Michaung,2023-12-04,2023,0.0,0.154,2.68,78.1,15.35,1002.24,1.91,5.51,4.7,1.59,0.09889,0.9615,0.4906,0.58656,0.02736,2.3
S035,12.482585,80.029725,Vardah,2016-12-12,2016,227.9,0.173,1.79,140.2,24.87,994.73,2.93,7.41,5.97,1.4,0.31628,0.8626,0.51083,0.50092,0.06981,2.9
S035,12.482585,80.029725,Gaja,2018-11-16,2018,227.9,0.173,1.79,140.2,10.51,1009.12,1.39,4.51,5.97,1.4,0.04028,0.8626,0.51083,0.50092,0.00889,1.2
S035,12.482585,80.029725,Nivar,2020-11-27,2020,227.9,0.173,1.79,140.2,21.71,997.48,2.46,6.39,5.97,1.4,0.21827,0.8626,0.51083,0.50092,0.04818,1.9
S035,12.482585,80.029725,Michaung,2023-12-04,2023,227.9,0.173,1.79,140.2,16.89,1002.53,1.91,5.23,5.97,1.4,0.11634,0.8626,0.51083,0.50092,0.02568,2.0
S036,12.461109,80.014052,Vardah,2016-12-12,2016,117.5,0.158,2.36,115.6,24.93,995.8,3.05,7.21,5.17,1.84,0.32794,0.91055,0.48667,0.582,0.08458,5.4
S036,12.461109,80.014052,Gaja,2018-11-16,2018,117.5,0.158,2.36,115.6,11.55,1007.88,1.16,4.39,5.17,1.84,0.04092,0.91055,0.48667,0.582,0.01055,0.0
S036,12.461109,80.014052,Nivar,2020-11-27,2020,117.5,0.158,2.36,115.6,21.15,996.75,2.29,6.52,5.17,1.84,0.19716,0.91055,0.48667,0.582,0.05085,4.3
S036,12.461109,80.014052,Michaung,2023-12-04,2023,117.5,0.158,2.36,115.6,15.03,1002.6,2.06,5.34,5.17,1.84,0.10136,0.91055,0.48667,0.582,0.02614,2.2
S037,12.439632,79.99838,Vardah,2016-12-12,2016,199.2,0.394,2.07,124.6,25.33,995.71,2.76,6.75,5.37,1.76,0.31105,0.82346,0.5013,0.56346,0.07235,3.5
S037,12.439632,79.99838,Gaja,2018-11-16,2018,199.2,0.394,2.07,124.6,13.59,1007.27,1.1,4.22,5.37,1.76,0.0517,0.82346,0.5013,0.56346,0.01203,-0.6
S037,12.439632,79.99838,Nivar,2020-11-27,2020,199.2,0.394,2.07,124.6,23.63,999.39,2.57,6.55,5.37,1.76,0.26107,0.82346,0.5013,0.56346,0.06072,2.1
S037,12.439632,79.99838,Michaung,2023-12-04,2023,199.2,0.394,2.07,124.6,15.85,1003.7,1.73,5.49,5.37,1.76,0.09647,0.82346,0.5013,0.56346,0.02244,2.0
S038,12.418155,79.982708,Vardah,2016-12-12,2016,46.1,0.144,1.72,130.9,24.59,995.42,2.75,6.88,9.07,0.68,0.29491,0.94401,0.52392,0.32379,0.04723,3.0
S038,12.418155,79.982708,Gaja,2018-11-16,2018,46.1,0.144,1.72,130.9,12.48,1009.05,1.07,4.15,9.07,0.68,0.04375,0.94401,0.52392,0.32379,0.00701,-0.3
S038,12.418155,79.982708,Nivar,2020-11-27,2020,46.1,0.144,1.72,130.9,22.14,997.62,2.73,7.25,9.07,0.68,0.24528,0.94401,0.52392,0.32379,0.03928,2.8
S038,12.418155,79.982708,Michaung,2023-12-04,2023,46.1,0.144,1.72,130.9,15.97,1005.16,1.83,5.4,9.07,0.68,0.10221,0.94401,0.52392,0.32379,0.01637,2.5
S039,12.396678,79.967035,Vardah,2016-12-12,2016,235.4,0.194,3.36,77.6,23.94,995.91,2.71,6.8,3.47,1.45,0.27849,0.85495,0.44627,0.64849,0.06891,6.5
S039,12.396678,79.967035,Gaja,2018-11-16,2018,235.4,0.194,3.36,77.6,11.86,1009.34,1.02,4.52,3.47,1.45,0.03861,0.85495,0.44627,0.64849,0.00955,0.7
S039,12.396678,79.967035,Nivar,2020-11-27,2020,235.4,0.194,3.36,77.6,22.86,998.46,2.74,6.97,3.47,1.45,0.25975,0.85495,0.44627,0.64849,0.06427,4.9
S039,12.396678,79.967035,Michaung,2023-12-04,2023,235.4,0.194,3.36,77.6,13.95,1003.83,1.86,5.18,3.47,1.45,0.08228,0.85495,0.44627,0.64849,0.02036,0.7
S040,12.375201,79.951363,Vardah,2016-12-12,2016,138.8,0.107,1.6,159.4,24.43,997.69,2.82,6.43,6.93,1.35,0.29758,0.91374,0.51067,0.45132,0.06267,4.4
S040,12.375201,79.951363,Gaja,2018-11-16,2018,138.8,0.107,1.6,159.4,11.4,1007.36,1.15,4.41,6.93,1.35,0.03974,0.91374,0.51067,0.45132,0.00837,-0.4
S040,12.375201,79.951363,Nivar,2020-11-27,2020,138.8,0.107,1.6,159.4,22.66,996.27,2.83,7.6,6.93,1.35,0.2626,0.91374,0.51067,0.45132,0.0553,3.4
S040,12.375201,79.951363,Michaung,2023-12-04,2023,138.8,0.107,1.6,159.4,15.56,1004.93,1.68,5.47,6.93,1.35,0.09133,0.91374,0.51067,0.45132,0.01923,2.2
S041,12.353725,79.935691,Vardah,2016-12-12,2016,145.0,0.179,1.38,89.2,23.19,996.87,2.65,6.12,4.31,2.17,0.25914,0.89432,0.59467,0.66643,0.09185,6.3
S041,12.353725,79.935691,Gaja,2018-11-16,2018,145.0,0.179,1.38,89.2,11.68,1007.12,1.35,4.9,4.31,2.17,0.04708,0.89432,0.59467,0.66643,0.01669,0.4
S041,12.353725,79.935691,Nivar,2020-11-27,2020,145.0,0.179,1.38,89.2,24.62,994.78,2.83,7.11,4.31,2.17,0.30238,0.89432,0.59467,0.66643,0.10717,8.9
S041,12.353725,79.935691,Michaung,2023-12-04,2023,145.0,0.179,1.38,89.2,14.55,1005.72,1.65,5.07,4.31,2.17,0.08031,0.89432,0.59467,0.66643,0.02846,0.9
S042,12.332248,79.920019,Vardah,2016-12-12,2016,62.2,0.314,3.61,87.7,22.69,998.23,2.67,6.94,6.78,1.44,0.25122,0.89581,0.42624,0.46499,0.0446,4.5
S042,12.332248,79.920019,Gaja,2018-11-16,2018,62.2,0.314,3.61,87.7,12.08,1007.62,1.37,4.42,6.78,1.44,0.05045,0.89581,0.42624,0.46499,0.00896,1.8
S042,12.332248,79.920019,Nivar,2020-11-27,2020,62.2,0.314,3.61,87.7,25.17,995.32,3.02,7.82,6.78,1.44,0.3307,0.89581,0.42624,0.46499,0.05871,4.2
S042,12.332248,79.920019,Michaung,2023-12-04,2023,62.2,0.314,3.61,87.7,14.78,1006.34,1.77,5.11,6.78,1.44,0.08725,0.89581,0.42624,0.46499,0.01549,1.1
S043,12.310771,79.904346,Vardah,2016-12-12,2016,307.5,0.314,2.08,156.7,22.22,998.23,2.42,5.91,8.19,1.63,0.2241,0.8013,0.47753,0.4164,0.03571,1.6
S043,12.310771,79.904346,Gaja,2018-11-16,2018,307.5,0.314,2.08,156.7,11.71,1007.22,1.41,4.62,8.19,1.63,0.04896,0.8013,0.47753,0.4164,0.0078,0.7
S043,12.310771,79.904346,Nivar,2020-11-27,2020,307.5,0.314,2.08,156.7,24.41,994.24,3.07,7.65,8.19,1.63,0.31806,0.8013,0.47753,0.4164,0.05068,2.8
S043,12.310771,79.904346,Michaung,2023-12-04,2023,307.5,0.314,2.08,156.7,14.78,1007.11,1.62,4.97,8.19,1.63,0.08128,0.8013,0.47753,0.4164,0.01295,0.7
S044,12.289294,79.888674,Vardah,2016-12-12,2016,31.6,0.022,4.27,188.3,21.72,998.23,2.52,5.86,5.52,1.66,0.22269,0.98032,0.35138,0.54643,0.04192,2.1
S044,12.289294,79.888674,Gaja,2018-11-16,2018,31.6,0.022,4.27,188.3,12.52,1007.45,1.29,4.65,5.52,1.66,0.05109,0.98032,0.35138,0.54643,0.00962,0.8
S044,12.289294,79.888674,Nivar,2020-11-27,2020,31.6,0.022,4.27,188.3,26.63,994.01,3.12,7.48,5.52,1.66,0.37358,0.98032,0.35138,0.54643,0.07032,5.7
S044,12.289294,79.888674,Michaung,2023-12-04,2023,31.6,0.022,4.27,188.3,14.74,1006.25,1.68,5.24,5.52,1.66,0.0833,0.98032,0.35138,0.54643,0.01568,1.0
S045,12.267817,79.873002,Vardah,2016-12-12,2016,123.1,0.209,1.48,53.4,21.44,999.61,2.39,5.99,4.71,1.25,0.2088,0.89618,0.62336,0.55414,0.06464,4.5
S045,12.267817,79.873002,Gaja,2018-11-16,2018,123.1,0.209,1.48,53.4,13.13,1006.77,1.37,4.7,4.71,1.25,0.05812,0.89618,0.62336,0.55414,0.01799,-1.0
S045,12.267817,79.873002,Nivar,2020-11-27,2020,123.1,0.209,1.48,53.4,26.28,993.42,3.12,8.08,4.71,1.25,0.36527,0.89618,0.62336,0.55414,0.11307,6.4
S045,12.267817,79.873002,Michaung,2023-12-04,2023,123.1,0.209,1.48,53.4,13.57,1003.68,1.51,4.95,4.71,1.25,0.06645,0.89618,0.62336,0.55414,0.02057,0.9
S046,12.245491,79.859564,Vardah,2016-12-12,2016,173.9,0.361,1.71,118.9,21.73,999.84,2.43,5.98,3.65,1.38,0.21648,0.84061,0.53485,0.62964,0.06128,5.5
S046,12.245491,79.859564,Gaja,2018-11-16,2018,173.9,0.361,1.71,118.9,12.95,1006.61,1.2,4.65,3.65,1.38,0.05107,0.84061,0.53485,0.62964,0.01446,1.8
S046,12.245491,79.859564,Nivar,2020-11-27,2020,173.9,0.361,1.71,118.9,28.83,993.04,3.12,7.55,3.65,1.38,0.42755,0.84061,0.53485,0.62964,0.12103,9.3
S046,12.245491,79.859564,Michaung,2023-12-04,2023,173.9,0.361,1.71,118.9,12.62,1006.41,1.64,5.12,3.65,1.38,0.06275,0.84061,0.53485,0.62964,0.01776,1.1
S047,12.219027,79.857003,Vardah,2016-12-12,2016,29.7,0.258,2.8,141.9,20.92,999.67,2.28,6.46,3.01,1.61,0.19285,0.92296,0.44136,0.69678,0.05474,3.5
S047,12.219027,79.857003,Gaja,2018-11-16,2018,29.7,0.258,2.8,141.9,13.75,1005.17,1.58,5.16,3.01,1.61,0.07046,0.92296,0.44136,0.69678,0.02,1.4
S047,12.219027,79.857003,Nivar,2020-11-27,2020,29.7,0.258,2.8,141.9,28.02,992.87,3.21,8.11,3.01,1.61,0.4167,0.92296,0.44136,0.69678,0.11828,7.6
S047,12.219027,79.857003,Michaung,2023-12-04,2023,29.7,0.258,2.8,141.9,13.35,1007.06,1.63,4.79,3.01,1.61,0.06871,0.92296,0.44136,0.69678,0.0195,0.6
S048,12.192564,79.854442,Vardah,2016-12-12,2016,95.2,0.051,4.6,52.5,19.58,1000.49,2.2,6.02,6.22,0.78,0.16747,0.94544,0.39409,0.43862,0.02737,2.6
S048,12.192564,79.854442,Gaja,2018-11-16,2018,95.2,0.051,4.6,52.5,13.23,1007.75,1.41,4.78,6.22,0.78,0.06025,0.94544,0.39409,0.43862,0.00985,-0.3
S048,12.192564,79.854442,Nivar,2020-11-27,2020,95.2,0.051,4.6,52.5,28.97,991.23,3.4,8.08,6.22,0.78,0.46177,0.94544,0.39409,0.43862,0.07546,4.1
S048,12.192564,79.854442,Michaung,2023-12-04,2023,95.2,0.051,4.6,52.5,13.16,1007.46,1.51,4.67,6.22,0.78,0.06307,0.94544,0.39409,0.43862,0.01031,1.0
S049,12.166101,79.851881,Vardah,2016-12-12,2016,273.3,0.177,3.01,97.7,19.62,1003.03,2.31,5.77,5.64,1.56,0.17475,0.8441,0.45535,0.53138,0.03569,3.8
S049,12.166101,79.851881,Gaja,2018-11-16,2018,273.3,0.177,3.01,97.7,12.01,1006.84,1.71,4.84,5.64,1.56,0.05964,0.8441,0.45535,0.53138,0.01218,-0.9
S049,12.166101,79.851881,Nivar,2020-11-27,2020,273.3,0.177,3.01,97.7,28.44,992.4,3.48,8.02,5.64,1.56,0.4559,0.8441,0.45535,0.53138,0.09311,5.6
S049,12.166101,79.851881,Michaung,2023-12-04,2023,273.3,0.177,3.01,97.7,13.02,1006.82,1.62,5.15,5.64,1.56,0.06552,0.8441,0.45535,0.53138,0.01338,1.4
S050,12.139637,79.84932,Vardah,2016-12-12,2016,123.0,0.0,0.2,93.7,18.32,999.56,2.29,5.46,3.69,1.5,0.15444,0.94563,0.74566,0.63957,0.06965,5.0
S050,12.139637,79.84932,Gaja,2018-11-16,2018,123.0,0.0,0.2,93.7,13.91,1005.68,1.37,4.89,3.69,1.5,0.06412,0.94563,0.74566,0.63957,0.02891,2.7
S050,12.139637,79.84932,Nivar,2020-11-27,2020,123.0,0.0,0.2,93.7,30.23,991.11,3.53,8.18,3.69,1.5,0.51156,0.94563,0.74566,0.63957,0.23069,16.2
S050,12.139637,79.84932,Michaung,2023-12-04,2023,123.0,0.0,0.2,93.7,12.88,1007.04,1.48,4.32,3.69,1.5,0.05984,0.94563,0.74566,0.63957,0.02699,1.2
S051,12.113174,79.846759,Vardah,2016-12-12,2016,198.1,0.189,3.38,69.2,20.0,1001.02,2.01,6.32,5.91,0.84,0.16152,0.87071,0.45013,0.45742,0.02896,1.8
S051,12.113174,79.846759,Gaja,2018-11-16,2018,198.1,0.189,3.38,69.2,14.16,1006.73,1.48,4.77,5.91,0.84,0.0703,0.87071,0.45013,0.45742,0.0126,2.9
S051,12.113174,79.846759,Nivar,2020-11-27,2020,198.1,0.189,3.38,69.2,30.79,990.67,3.67,8.25,5.91,0.84,0.54445,0.87071,0.45013,0.45742,0.09761,7.5
S051,12.113174,79.846759,Michaung,2023-12-04,2023,198.1,0.189,3.38,69.2,12.44,1007.11,1.22,4.3,5.91,0.84,0.04833,0.87071,0.45013,0.45742,0.00866,0.9
S052,12.08671,79.844198,Vardah,2016-12-12,2016,165.9,0.355,2.2,23.8,18.06,999.7,2.2,6.2,6.25,1.37,0.14598,0.84506,0.57757,0.48468,0.03453,3.7
S052,12.08671,79.844198,Gaja,2018-11-16,2018,165.9,0.355,2.2,23.8,13.85,1006.23,1.66,5.27,6.25,1.37,0.07421,0.84506,0.57757,0.48468,0.01756,0.8
S052,12.08671,79.844198,Nivar,2020-11-27,2020,165.9,0.355,2.2,23.8,29.38,990.89,3.58,8.33,6.25,1.37,0.49286,0.84506,0.57757,0.48468,0.11659,7.8
S052,12.08671,79.844198,Michaung,2023-12-04,2023,165.9,0.355,2.2,23.8,14.05,1008.02,1.45,5.2,6.25,1.37,0.06825,0.84506,0.57757,0.48468,0.01614,0.7
S053,12.060247,79.841637,Vardah,2016-12-12,2016,130.7,0.096,2.95,131.6,19.68,1002.05,2.49,5.32,4.57,1.6,0.18652,0.91971,0.43863,0.59519,0.04479,2.4
S053,12.060247,79.841637,Gaja,2018-11-16,2018,130.7,0.096,2.95,131.6,14.59,1006.34,1.81,4.87,4.57,1.6,0.08689,0.91971,0.43863,0.59519,0.02086,2.4
S053,12.060247,79.841637,Nivar,2020-11-27,2020,130.7,0.096,2.95,131.6,29.66,991.83,3.32,8.58,4.57,1.6,0.47155,0.91971,0.43863,0.59519,0.11322,9.2
S053,12.060247,79.841637,Michaung,2023-12-04,2023,130.7,0.096,2.95,131.6,13.26,1007.38,1.4,4.72,4.57,1.6,0.06014,0.91971,0.43863,0.59519,0.01444,1.7
S054,12.033783,79.839076,Vardah,2016-12-12,2016,48.4,0.275,2.92,195.4,18.09,1001.25,1.93,5.37,7.38,1.01,0.13183,0.91099,0.40614,0.40708,0.01986,1.6
S054,12.033783,79.839076,Gaja,2018-11-16,2018,48.4,0.275,2.92,195.4,14.44,1006.0,1.66,4.92,7.38,1.01,0.07967,0.91099,0.40614,0.40708,0.012,2.3
S054,12.033783,79.839076,Nivar,2020-11-27,2020,48.4,0.275,2.92,195.4,27.92,991.52,3.41,7.64,7.38,1.01,0.4347,0.91099,0.40614,0.40708,0.06547,3.8
S054,12.033783,79.839076,Michaung,2023-12-04,2023,48.4,0.275,2.92,195.4,13.41,1005.99,1.48,5.08,7.38,1.01,0.06409,0.91099,0.40614,0.40708,0.00965,0.3
S055,12.00732,79.836515,Vardah,2016-12-12,2016,121.4,0.112,4.12,114.3,18.0,1003.13,1.96,5.72,8.16,2.07,0.13234,0.91982,0.38776,0.44684,0.02109,0.9
S055,12.00732,79.836515,Gaja,2018-11-16,2018,121.4,0.112,4.12,114.3,14.29,1004.99,1.67,5.41,8.16,2.07,0.07864,0.91982,0.38776,0.44684,0.01253,0.7
S055,12.00732,79.836515,Nivar,2020-11-27,2020,121.4,0.112,4.12,114.3,26.53,991.58,3.33,8.43,8.16,2.07,0.39105,0.91982,0.38776,0.44684,0.06232,4.9
S055,12.00732,79.836515,Michaung,2023-12-04,2023,121.4,0.112,4.12,114.3,12.16,1008.15,1.3,4.58,8.16,2.07,0.04892,0.91982,0.38776,0.44684,0.0078,-0.4
S056,11.980856,79.833954,Vardah,2016-12-12,2016,419.1,0.318,2.81,74.5,18.59,1000.5,2.07,5.33,4.97,1.4,0.14604,0.76084,0.48391,0.5536,0.02977,1.7
S056,11.980856,79.833954,Gaja,2018-11-16,2018,419.1,0.318,2.81,74.5,16.24,1004.84,1.58,5.14,4.97,1.4,0.09351,0.76084,0.48391,0.5536,0.01906,1.7
S056,11.980856,79.833954,Nivar,2020-11-27,2020,419.1,0.318,2.81,74.5,26.63,991.76,3.1,8.16,4.97,1.4,0.37166,0.76084,0.48391,0.5536,0.07575,5.4
S056,11.980856,79.833954,Michaung,2023-12-04,2023,419.1,0.318,2.81,74.5,12.68,1007.48,1.23,5.06,4.97,1.4,0.05025,0.76084,0.48391,0.5536,0.01024,0.5
S057,11.954393,79.831393,Vardah,2016-12-12,2016,137.6,0.208,2.7,83.6,16.82,1003.7,1.85,5.24,4.55,1.27,0.11261,0.89052,0.48525,0.56498,0.02749,1.8
S057,11.954393,79.831393,Gaja,2018-11-16,2018,137.6,0.208,2.7,83.6,15.11,1005.41,1.94,5.3,4.55,1.27,0.09748,0.89052,0.48525,0.56498,0.0238,-0.8
S057,11.954393,79.831393,Nivar,2020-11-27,2020,137.6,0.208,2.7,83.6,26.69,993.6,3.14,7.79,4.55,1.27,0.37693,0.89052,0.48525,0.56498,0.09202,6.1
S057,11.954393,79.831393,Michaung,2023-12-04,2023,137.6,0.208,2.7,83.6,12.13,1008.32,1.22,4.37,4.55,1.27,0.0463,0.89052,0.48525,0.56498,0.0113,3.8
S058,11.9283,79.826809,Vardah,2016-12-12,2016,200.8,0.144,2.25,149.7,16.32,1003.18,1.72,5.37,7.23,1.26,0.10092,0.87991,0.47079,0.43143,0.01804,0.3
S058,11.9283,79.826809,Gaja,2018-11-16,2018,200.8,0.144,2.25,149.7,14.99,1005.81,1.78,5.41,7.23,1.26,0.08977,0.87991,0.47079,0.43143,0.01604,-0.7
S058,11.9283,79.826809,Nivar,2020-11-27,2020,200.8,0.144,2.25,149.7,27.36,993.15,3.25,7.86,7.23,1.26,0.40414,0.87991,0.47079,0.43143,0.07223,5.5
S058,11.9283,79.826809,Michaung,2023-12-04,2023,200.8,0.144,2.25,149.7,11.34,1008.1,1.21,4.58,7.23,1.26,0.04102,0.87991,0.47079,0.43143,0.00733,0.2
S059,11.90265,79.819814,Vardah,2016-12-12,2016,437.8,0.208,1.64,59.8,14.99,1004.28,1.85,5.17,4.28,1.84,0.09258,0.77693,0.5983,0.63617,0.02738,1.5
S059,11.90265,79.819814,Gaja,2018-11-16,2018,437.8,0.208,1.64,59.8,15.87,1004.04,1.48,5.42,4.28,1.84,0.08533,0.77693,0.5983,0.63617,0.02523,2.4
S059,11.90265,79.819814,Nivar,2020-11-27,2020,437.8,0.208,1.64,59.8,25.21,993.71,3.01,7.13,4.28,1.84,0.33072,0.77693,0.5983,0.63617,0.0978,6.3
S059,11.90265,79.819814,Michaung,2023-12-04,2023,437.8,0.208,1.64,59.8,11.29,1008.79,1.21,4.44,4.28,1.84,0.04071,0.77693,0.5983,0.63617,0.01204,2.9
S060,11.877,79.812818,Vardah,2016-12-12,2016,112.6,0.143,1.19,54.4,16.64,1003.92,1.79,5.09,5.59,1.69,0.10769,0.91614,0.65781,0.54519,0.03538,0.4
S060,11.877,79.812818,Gaja,2018-11-16,2018,112.6,0.143,1.19,54.4,16.6,1004.87,1.77,5.33,5.59,1.69,0.10629,0.91614,0.65781,0.54519,0.03492,3.3
S060,11.877,79.812818,Nivar,2020-11-27,2020,112.6,0.143,1.19,54.4,23.62,994.66,2.79,7.83,5.59,1.69,0.2786,0.91614,0.65781,0.54519,0.09154,7.5
S060,11.877,79.812818,Michaung,2023-12-04,2023,112.6,0.143,1.19,54.4,9.99,1007.04,1.22,4.4,5.59,1.69,0.03329,0.91614,0.65781,0.54519,0.01094,-0.5
S061,11.85135,79.805823,Vardah,2016-12-12,2016,282.9,0.177,4.96,96.5,17.65,1004.15,1.85,5.02,6.97,1.56,0.12222,0.84042,0.36004,0.4652,0.0172,1.9
S061,11.85135,79.805823,Gaja,2018-11-16,2018,282.9,0.177,4.96,96.5,15.77,1004.05,1.89,5.01,6.97,1.56,0.10266,0.84042,0.36004,0.4652,0.01445,2.6
S061,11.85135,79.805823,Nivar,2020-11-27,2020,282.9,0.177,4.96,96.5,24.52,996.65,2.74,7.05,6.97,1.56,0.29263,0.84042,0.36004,0.4652,0.04119,1.6
S061,11.85135,79.805823,Michaung,2023-12-04,2023,282.9,0.177,4.96,96.5,11.82,1008.43,1.16,4.24,6.97,1.56,0.04255,0.84042,0.36004,0.4652,0.00599,-0.9
S062,11.825699,79.798827,Vardah,2016-12-12,2016,360.6,0.338,2.38,144.5,15.81,1003.78,1.68,5.53,3.38,0.42,0.09383,0.77709,0.46566,0.54417,0.01848,1.1
S062,11.825699,79.798827,Gaja,2018-11-16,2018,360.6,0.338,2.38,144.5,17.35,1003.6,1.89,5.46,3.38,0.42,0.12076,0.77709,0.46566,0.54417,0.02378,-0.2
S062,11.825699,79.798827,Nivar,2020-11-27,2020,360.6,0.338,2.38,144.5,25.03,996.0,2.89,6.98,3.38,0.42,0.31625,0.77709,0.46566,0.54417,0.06227,3.9
S062,11.825699,79.798827,Michaung,2023-12-04,2023,360.6,0.338,2.38,144.5,10.8,1009.5,1.24,4.55,3.38,0.42,0.0385,0.77709,0.46566,0.54417,0.00758,1.8
S063,11.800049,79.791832,Vardah,2016-12-12,2016,248.1,0.292,4.26,124.6,16.53,1005.01,1.56,4.92,3.47,0.87,0.09539,0.82814,0.3771,0.587,0.01749,0.2
S063,11.800049,79.791832,Gaja,2018-11-16,2018,248.1,0.292,4.26,124.6,17.18,1003.91,1.73,5.48,3.47,0.87,0.11064,0.82814,0.3771,0.587,0.02028,-0.1
S063,11.800049,79.791832,Nivar,2020-11-27,2020,248.1,0.292,4.26,124.6,23.38,995.25,2.81,7.17,3.47,0.87,0.27538,0.82814,0.3771,0.587,0.05048,5.3
S063,11.800049,79.791832,Michaung,2023-12-04,2023,248.1,0.292,4.26,124.6,12.05,1008.29,1.28,4.09,3.47,0.87,0.04757,0.82814,0.3771,0.587,0.00872,-0.4
S064,11.774399,79.784836,Vardah,2016-12-12,2016,457.0,0.32,0.91,131.3,15.63,1002.91,1.69,4.8,5.21,1.18,0.09246,0.74743,0.59992,0.52087,0.0216,1.6
S064,11.774399,79.784836,Gaja,2018-11-16,2018,457.0,0.32,0.91,131.3,16.01,1003.85,1.93,5.94,5.21,1.18,0.10711,0.74743,0.59992,0.52087,0.02502,1.8
S064,11.774399,79.784836,Nivar,2020-11-27,2020,457.0,0.32,0.91,131.3,22.36,996.83,2.52,7.07,5.21,1.18,0.23396,0.74743,0.59992,0.52087,0.05464,4.4
S064,11.774399,79.784836,Michaung,2023-12-04,2023,457.0,0.32,0.91,131.3,13.22,1008.25,1.13,4.27,5.21,1.18,0.05041,0.74743,0.59992,0.52087,0.01177,1.0
S065,11.748749,79.777841,Vardah,2016-12-12,2016,370.8,0.19,2.03,114.9,15.44,1004.82,1.8,4.86,5.48,1.91,0.09525,0.80476,0.51185,0.5703,0.02237,2.7
S065,11.748749,79.777841,Gaja,2018-11-16,2018,370.8,0.19,2.03,114.9,17.58,1003.23,1.93,6.25,5.48,1.91,0.12558,0.80476,0.51185,0.5703,0.0295,1.4
S065,11.748749,79.777841,Nivar,2020-11-27,2020,370.8,0.19,2.03,114.9,22.77,996.87,2.84,7.1,5.48,1.91,0.26552,0.80476,0.51185,0.5703,0.06238,4.0
S065,11.748749,79.777841,Michaung,2023-12-04,2023,370.8,0.19,2.03,114.9,11.54,1009.08,1.09,4.57,5.48,1.91,0.03887,0.80476,0.51185,0.5703,0.00913,1.1
S066,11.723098,79.770845,Vardah,2016-12-12,2016,415.4,0.295,2.59,95.1,15.08,1005.06,1.69,5.03,5.16,1.86,0.087,0.76688,0.4849,0.58437,0.01891,1.4
S066,11.723098,79.770845,Gaja,2018-11-16,2018,415.4,0.295,2.59,95.1,16.93,1004.32,1.88,5.82,5.16,1.86,0.11534,0.76688,0.4849,0.58437,0.02506,1.5
S066,11.723098,79.770845,Nivar,2020-11-27,2020,415.4,0.295,2.59,95.1,23.51,997.18,2.48,6.54,5.16,1.86,0.25155,0.76688,0.4849,0.58437,0.05466,4.2
S066,11.723098,79.770845,Michaung,2023-12-04,2023,415.4,0.295,2.59,95.1,9.92,1008.6,0.88,4.42,5.16,1.86,0.02533,0.76688,0.4849,0.58437,0.0055,-0.1
S067,11.69727,79.775455,Vardah,2016-12-12,2016,522.6,0.457,1.33,153.1,13.5,1006.18,1.45,5.13,8.39,1.63,0.06377,0.69847,0.53813,0.40816,0.00978,-0.0
S067,11.69727,79.775455,Gaja,2018-11-16,2018,522.6,0.457,1.33,153.1,19.02,1003.28,1.92,5.54,8.39,1.63,0.14296,0.69847,0.53813,0.40816,0.02193,2.1
S067,11.69727,79.775455,Nivar,2020-11-27,2020,522.6,0.457,1.33,153.1,21.47,998.18,2.67,6.5,8.39,1.63,0.22869,0.69847,0.53813,0.40816,0.03508,2.4
S067,11.69727,79.775455,Michaung,2023-12-04,2023,522.6,0.457,1.33,153.1,11.67,1009.74,1.1,4.26,8.39,1.63,0.03991,0.69847,0.53813,0.40816,0.00612,-1.3
S068,11.671417,79.78166,Vardah,2016-12-12,2016,743.2,0.384,2.53,151.7,13.63,1005.78,1.57,4.91,8.0,1.87,0.06907,0.64485,0.45165,0.44057,0.00886,1.6
S068,11.671417,79.78166,Gaja,2018-11-16,2018,743.2,0.384,2.53,151.7,17.09,1002.2,2.11,5.66,8.0,1.87,0.12853,0.64485,0.45165,0.44057,0.01649,2.6
S068,11.671417,79.78166,Nivar,2020-11-27,2020,743.2,0.384,2.53,151.7,22.01,998.95,2.68,6.23,8.0,1.87,0.23927,0.64485,0.45165,0.44057,0.0307,2.1
S068,11.671417,79.78166,Michaung,2023-12-04,2023,743.2,0.384,2.53,151.7,11.09,1008.47,1.14,4.04,8.0,1.87,0.03766,0.64485,0.45165,0.44057,0.00483,1.0
S069,11.645564,79.787865,Vardah,2016-12-12,2016,850.5,0.33,2.19,78.7,15.12,1005.95,1.33,4.61,1.58,2.01,0.07215,0.62332,0.52823,0.85513,0.02032,2.2
S069,11.645564,79.787865,Gaja,2018-11-16,2018,850.5,0.33,2.19,78.7,18.37,999.93,2.28,5.94,1.58,2.01,0.15462,0.62332,0.52823,0.85513,0.04353,2.6
S069,11.645564,79.787865,Nivar,2020-11-27,2020,850.5,0.33,2.19,78.7,21.68,998.57,2.33,6.61,1.58,2.01,0.2085,0.62332,0.52823,0.85513,0.05871,6.4
S069,11.645564,79.787865,Michaung,2023-12-04,2023,850.5,0.33,2.19,78.7,11.99,1009.59,1.15,4.49,1.58,2.01,0.0433,0.62332,0.52823,0.85513,0.01219,-0.3
S070,11.619711,79.794069,Vardah,2016-12-12,2016,759.1,0.407,1.33,43.1,14.59,1005.34,1.57,4.76,5.94,1.88,0.07754,0.63613,0.65432,0.54218,0.0175,1.8
S070,11.619711,79.794069,Gaja,2018-11-16,2018,759.1,0.407,1.33,43.1,18.77,999.31,2.19,6.13,5.94,1.88,0.1553,0.63613,0.65432,0.54218,0.03505,3.1
S070,11.619711,79.794069,Nivar,2020-11-27,2020,759.1,0.407,1.33,43.1,20.42,1000.81,2.4,6.54,5.94,1.88,0.19284,0.63613,0.65432,0.54218,0.04352,4.4
S070,11.619711,79.794069,Michaung,2023-12-04,2023,759.1,0.407,1.33,43.1,10.88,1008.69,0.79,4.15,5.94,1.88,0.02718,0.63613,0.65432,0.54218,0.00613,1.2
S071,11.593858,79.800274,Vardah,2016-12-12,2016,1026.9,0.558,1.7,181.4,13.59,1006.77,1.52,5.1,3.17,1.3,0.06697,0.53955,0.48681,0.65186,0.01147,0.5
S071,11.593858,79.800274,Gaja,2018-11-16,2018,1026.9,0.558,1.7,181.4,19.38,1001.86,2.4,5.61,3.17,1.3,0.17644,0.53955,0.48681,0.65186,0.03021,1.8
S071,11.593858,79.800274,Nivar,2020-11-27,2020,1026.9,0.558,1.7,181.4,20.81,1001.11,2.34,6.28,3.17,1.3,0.19515,0.53955,0.48681,0.65186,0.03341,3.2
S071,11.593858,79.800274,Michaung,2023-12-04,2023,1026.9,0.558,1.7,181.4,11.19,1009.22,1.11,4.54,3.17,1.3,0.03743,0.53955,0.48681,0.65186,0.00641,2.4
S072,11.568005,79.806479,Vardah,2016-12-12,2016,1109.7,0.437,2.95,95.0,14.28,1006.35,1.47,4.88,9.78,1.86,0.07093,0.53789,0.46083,0.36817,0.00647,0.3
S072,11.568005,79.806479,Gaja,2018-11-16,2018,1109.7,0.437,2.95,95.0,19.5,1000.28,2.42,5.83,9.78,1.86,0.17949,0.53789,0.46083,0.36817,0.01638,0.7
S072,11.568005,79.806479,Nivar,2020-11-27,2020,1109.7,0.437,2.95,95.0,19.84,1001.83,2.21,6.11,9.78,1.86,0.17189,0.53789,0.46083,0.36817,0.01569,0.5
S072,11.568005,79.806479,Michaung,2023-12-04,2023,1109.7,0.437,2.95,95.0,11.72,1007.35,0.93,4.91,9.78,1.86,0.03515,0.53789,0.46083,0.36817,0.00321,0.8
S073,11.542152,79.812683,Vardah,2016-12-12,2016,1166.2,0.327,0.59,145.7,12.62,1006.47,1.46,4.92,9.85,1.07,0.05718,0.54044,0.61954,0.32134,0.00615,2.2
S073,11.542152,79.812683,Gaja,2018-11-16,2018,1166.2,0.327,0.59,145.7,20.01,1000.36,2.4,6.01,9.85,1.07,0.1863,0.54044,0.61954,0.32134,0.02004,0.2
S073,11.542152,79.812683,Nivar,2020-11-27,2020,1166.2,0.327,0.59,145.7,18.0,999.34,2.11,5.9,9.85,1.07,0.14038,0.54044,0.61954,0.32134,0.0151,1.3
S073,11.542152,79.812683,Michaung,2023-12-04,2023,1166.2,0.327,0.59,145.7,9.34,1007.18,0.91,4.09,9.85,1.07,0.02348,0.54044,0.61954,0.32134,0.00253,-0.4
S074,11.516299,79.818888,Vardah,2016-12-12,2016,1317.6,0.291,2.49,104.9,14.54,1006.19,1.54,4.67,7.97,0.98,0.07591,0.50944,0.48504,0.38173,0.00716,0.4
S074,11.516299,79.818888,Gaja,2018-11-16,2018,1317.6,0.291,2.49,104.9,19.39,1000.39,2.27,6.31,7.97,0.98,0.1689,0.50944,0.48504,0.38173,0.01593,0.7
S074,11.516299,79.818888,Nivar,2020-11-27,2020,1317.6,0.291,2.49,104.9,18.31,1001.72,2.23,6.01,7.97,0.98,0.15106,0.50944,0.48504,0.38173,0.01425,1.0
S074,11.516299,79.818888,Michaung,2023-12-04,2023,1317.6,0.291,2.49,104.9,10.14,1009.1,1.04,4.03,7.97,0.98,0.03005,0.50944,0.48504,0.38173,0.00283,-0.8
S075,11.490446,79.825093,Vardah,2016-12-12,2016,1480.5,0.471,1.43,189.1,11.85,1006.57,1.48,4.47,5.26,1.2,0.05193,0.45012,0.50093,0.52005,0.00609,2.9
S075,11.490446,79.825093,Gaja,2018-11-16,2018,1480.5,0.471,1.43,189.1,21.14,1001.13,2.5,6.8,5.26,1.2,0.21133,0.45012,0.50093,0.52005,0.02478,1.0
S075,11.490446,79.825093,Nivar,2020-11-27,2020,1480.5,0.471,1.43,189.1,16.69,1000.91,2.2,6.09,5.26,1.2,0.12766,0.45012,0.50093,0.52005,0.01497,1.3
S075,11.490446,79.825093,Michaung,2023-12-04,2023,1480.5,0.471,1.43,189.1,11.18,1010.18,1.11,3.93,5.26,1.2,0.03737,0.45012,0.50093,0.52005,0.00438,-0.8
S076,11.464448,79.8303,Vardah,2016-12-12,2016,1656.9,0.522,2.92,163.5,14.27,1007.1,1.31,4.45,6.41,1.18,0.0646,0.40944,0.42256,0.46197,0.00516,-0.3
S076,11.464448,79.8303,Gaja,2018-11-16,2018,1656.9,0.522,2.92,163.5,20.25,998.69,2.28,6.37,6.41,1.18,0.18247,0.40944,0.42256,0.46197,0.01458,0.3
S076,11.464448,79.8303,Nivar,2020-11-27,2020,1656.9,0.522,2.92,163.5,19.3,1001.82,2.12,5.8,6.41,1.18,0.15865,0.40944,0.42256,0.46197,0.01268,0.7
S076,11.464448,79.8303,Michaung,2023-12-04,2023,1656.9,0.522,2.92,163.5,10.32,1010.54,0.99,4.42,6.41,1.18,0.02976,0.40944,0.42256,0.46197,0.00238,0.2
S077,11.4379,79.831735,Vardah,2016-12-12,2016,1755.5,0.432,2.55,145.0,13.45,1006.8,1.15,4.65,5.31,1.34,0.05264,0.40162,0.45455,0.5298,0.00509,1.1
S077,11.4379,79.831735,Gaja,2018-11-16,2018,1755.5,0.432,2.55,145.0,21.67,999.68,2.47,6.3,5.31,1.34,0.2183,0.40162,0.45455,0.5298,0.02111,2.1
S077,11.4379,79.831735,Nivar,2020-11-27,2020,1755.5,0.432,2.55,145.0,18.44,1001.45,2.18,5.69,5.31,1.34,0.15014,0.40162,0.45455,0.5298,0.01452,0.5
S077,11.4379,79.831735,Michaung,2023-12-04,2023,1755.5,0.432,2.55,145.0,11.26,1010.74,0.95,4.2,5.31,1.34,0.0334,0.40162,0.45455,0.5298,0.00323,0.4
S078,11.411351,79.83317,Vardah,2016-12-12,2016,1947.8,0.498,4.11,102.9,10.45,1006.62,1.34,4.46,3.49,1.29,0.03874,0.3612,0.39344,0.63027,0.00347,0.5
S078,11.411351,79.83317,Gaja,2018-11-16,2018,1947.8,0.498,4.11,102.9,22.51,998.7,2.44,6.67,3.49,1.29,0.23061,0.3612,0.39344,0.63027,0.02066,1.1
S078,11.411351,79.83317,Nivar,2020-11-27,2020,1947.8,0.498,4.11,102.9,17.67,1001.98,2.28,5.29,3.49,1.29,0.14474,0.3612,0.39344,0.63027,0.01296,0.5
S078,11.411351,79.83317,Michaung,2023-12-04,2023,1947.8,0.498,4.11,102.9,9.87,1009.51,1.09,4.32,3.49,1.29,0.0298,0.3612,0.39344,0.63027,0.00267,0.1
S079,11.384803,79.834605,Vardah,2016-12-12,2016,1949.0,0.562,2.31,125.5,12.28,1007.42,1.31,4.5,4.7,2.29,0.05005,0.35441,0.48321,0.65219,0.00559,0.3
S079,11.384803,79.834605,Gaja,2018-11-16,2018,1949.0,0.562,2.31,125.5,22.23,999.16,2.47,6.42,4.7,2.29,0.22797,0.35441,0.48321,0.65219,0.02546,0.3
S079,11.384803,79.834605,Nivar,2020-11-27,2020,1949.0,0.562,2.31,125.5,18.19,1002.71,2.03,5.42,4.7,2.29,0.13856,0.35441,0.48321,0.65219,0.01548,3.0
S079,11.384803,79.834605,Michaung,2023-12-04,2023,1949.0,0.562,2.31,125.5,9.3,1010.34,1.07,3.85,4.7,2.29,0.02654,0.35441,0.48321,0.65219,0.00296,-0.3
S080,11.358255,79.83604,Vardah,2016-12-12,2016,2308.2,0.687,1.78,99.4,12.49,1009.94,1.34,4.89,3.78,1.83,0.05245,0.29007,0.54579,0.66776,0.00555,1.6
S080,11.358255,79.83604,Gaja,2018-11-16,2018,2308.2,0.687,1.78,99.4,22.75,997.35,2.81,6.39,3.78,1.83,0.26288,0.29007,0.54579,0.66776,0.02779,3.8
S080,11.358255,79.83604,Nivar,2020-11-27,2020,2308.2,0.687,1.78,99.4,17.36,1000.68,1.89,5.88,3.78,1.83,0.12087,0.29007,0.54579,0.66776,0.01278,0.8
S080,11.358255,79.83604,Michaung,2023-12-04,2023,2308.2,0.687,1.78,99.4,10.29,1009.61,0.81,4.06,3.78,1.83,0.02522,0.29007,0.54579,0.66776,0.00267,0.2
S081,11.331706,79.837475,Vardah,2016-12-12,2016,2436.4,0.729,2.73,76.8,11.92,1008.79,1.18,4.54,5.68,1.47,0.04376,0.27018,0.48795,0.52161,0.00301,0.3
S081,11.331706,79.837475,Gaja,2018-11-16,2018,2436.4,0.729,2.73,76.8,21.64,996.67,2.74,7.36,5.68,1.47,0.23663,0.27018,0.48795,0.52161,0.01627,1.7
S081,11.331706,79.837475,Nivar,2020-11-27,2020,2436.4,0.729,2.73,76.8,15.54,1000.59,1.98,5.63,5.68,1.47,0.10393,0.27018,0.48795,0.52161,0.00715,1.6
S081,11.331706,79.837475,Michaung,2023-12-04,2023,2436.4,0.729,2.73,76.8,8.93,1010.64,1.05,3.95,5.68,1.47,0.0244,0.27018,0.48795,0.52161,0.00168,-0.3
S082,11.305158,79.83891,Vardah,2016-12-12,2016,2218.1,0.556,1.86,108.0,12.07,1008.38,1.26,4.68,2.56,1.13,0.04711,0.31415,0.53135,0.67312,0.00529,-0.1
S082,11.305158,79.83891,Gaja,2018-11-16,2018,2218.1,0.556,1.86,108.0,22.28,998.87,2.73,6.81,2.56,1.13,0.24792,0.31415,0.53135,0.67312,0.02786,1.9
S082,11.305158,79.83891,Nivar,2020-11-27,2020,2218.1,0.556,1.86,108.0,16.7,1003.04,1.86,5.59,2.56,1.13,0.11173,0.31415,0.53135,0.67312,0.01255,1.1
S082,11.305158,79.83891,Michaung,2023-12-04,2023,2218.1,0.556,1.86,108.0,7.68,1011.94,0.92,4.19,2.56,1.13,0.01699,0.31415,0.53135,0.67312,0.00191,-1.2
S083,11.27861,79.840345,Vardah,2016-12-12,2016,2453.9,0.597,3.05,160.6,11.54,1007.55,1.42,4.27,7.46,0.79,0.04803,0.27886,0.41722,0.38818,0.00217,0.9
S083,11.27861,79.840345,Gaja,2018-11-16,2018,2453.9,0.597,3.05,160.6,23.28,996.48,2.83,7.38,7.46,0.79,0.27493,0.27886,0.41722,0.38818,0.01242,-1.0
S083,11.27861,79.840345,Nivar,2020-11-27,2020,2453.9,0.597,3.05,160.6,15.33,1002.06,1.69,5.34,7.46,0.79,0.08947,0.27886,0.41722,0.38818,0.00404,-1.3
S083,11.27861,79.840345,Michaung,2023-12-04,2023,2453.9,0.597,3.05,160.6,8.91,1008.89,0.81,4.33,7.46,0.79,0.01975,0.27886,0.41722,0.38818,0.00089,0.5
S084,11.252061,79.84178,Vardah,2016-12-12,2016,2442.7,0.575,3.94,185.6,11.93,1007.42,1.04,4.1,3.69,2.05,0.03961,0.2821,0.36512,0.69661,0.00284,0.2
S084,11.252061,79.84178,Gaja,2018-11-16,2018,2442.7,0.575,3.94,185.6,24.98,997.1,3.0,6.97,3.69,2.05,0.32474,0.2821,0.36512,0.69661,0.0233,1.8
S084,11.252061,79.84178,Nivar,2020-11-27,2020,2442.7,0.575,3.94,185.6,15.86,1003.72,2.03,5.04,3.69,2.05,0.10976,0.2821,0.36512,0.69661,0.00788,0.4
S084,11.252061,79.84178,Michaung,2023-12-04,2023,2442.7,0.575,3.94,185.6,10.4,1009.4,0.85,3.89,3.69,2.05,0.02669,0.2821,0.36512,0.69661,0.00192,-0.1
S085,11.225513,79.843216,Vardah,2016-12-12,2016,2320.6,0.618,4.24,137.5,10.37,1008.83,1.29,4.49,8.22,1.97,0.03709,0.29445,0.37251,0.43757,0.00178,-0.7
S085,11.225513,79.843216,Gaja,2018-11-16,2018,2320.6,0.618,4.24,137.5,24.84,995.19,2.95,7.8,8.22,1.97,0.31735,0.29445,0.37251,0.43757,0.01523,1.2
S085,11.225513,79.843216,Nivar,2020-11-27,2020,2320.6,0.618,4.24,137.5,14.92,1004.28,1.59,5.13,8.22,1.97,0.08137,0.29445,0.37251,0.43757,0.00391,-0.8
S085,11.225513,79.843216,Michaung,2023-12-04,2023,2320.6,0.618,4.24,137.5,9.0,1011.39,0.98,4.14,8.22,1.97,0.02339,0.29445,0.37251,0.43757,0.00112,-1.0
S086,11.198965,79.844651,Vardah,2016-12-12,2016,2574.0,0.722,1.76,131.3,11.08,1008.7,1.12,4.27,1.4,0.36,0.03707,0.25435,0.52032,0.6555,0.00322,0.7
S086,11.198965,79.844651,Gaja,2018-11-16,2018,2574.0,0.722,1.76,131.3,25.0,995.61,3.25,7.32,1.4,0.36,0.34668,0.25435,0.52032,0.6555,0.03007,3.2
S086,11.198965,79.844651,Nivar,2020-11-27,2020,2574.0,0.722,1.76,131.3,16.07,1003.2,1.59,5.17,1.4,0.36,0.09232,0.25435,0.52032,0.6555,0.00801,-0.3
S086,11.198965,79.844651,Michaung,2023-12-04,2023,2574.0,0.722,1.76,131.3,9.22,1011.2,1.06,4.07,1.4,0.36,0.02595,0.25435,0.52032,0.6555,0.00225,-0.3
S087,11.172416,79.846086,Vardah,2016-12-12,2016,2582.7,0.754,3.68,51.0,9.73,1008.66,1.18,4.36,3.32,2.0,0.03099,0.25087,0.44307,0.71749,0.00247,2.3
S087,11.172416,79.846086,Gaja,2018-11-16,2018,2582.7,0.754,3.68,51.0,26.79,995.55,3.01,7.35,3.32,2.0,0.36672,0.25087,0.44307,0.71749,0.02925,2.1
S087,11.172416,79.846086,Nivar,2020-11-27,2020,2582.7,0.754,3.68,51.0,14.77,1005.01,1.74,5.05,3.32,2.0,0.08596,0.25087,0.44307,0.71749,0.00686,1.7
S087,11.172416,79.846086,Michaung,2023-12-04,2023,2582.7,0.754,3.68,51.0,9.31,1009.39,0.89,4.05,3.32,2.0,0.02294,0.25087,0.44307,0.71749,0.00183,1.1
S088,11.145868,79.847521,Vardah,2016-12-12,2016,2492.5,0.676,1.87,167.6,11.0,1009.39,1.18,3.96,8.59,1.62,0.03818,0.26765,0.48454,0.39944,0.00198,-1.3
S088,11.145868,79.847521,Gaja,2018-11-16,2018,2492.5,0.676,1.87,167.6,27.23,995.37,3.24,7.96,8.59,1.62,0.39989,0.26765,0.48454,0.39944,0.02072,2.5
S088,11.145868,79.847521,Nivar,2020-11-27,2020,2492.5,0.676,1.87,167.6,15.7,1004.12,1.87,5.41,8.59,1.62,0.10103,0.26765,0.48454,0.39944,0.00523,-0.0
S088,11.145868,79.847521,Michaung,2023-12-04,2023,2492.5,0.676,1.87,167.6,8.63,1011.04,0.69,4.14,8.59,1.62,0.01645,0.26765,0.48454,0.39944,0.00085,-0.9
S089,11.11932,79.848956,Vardah,2016-12-12,2016,2619.9,0.664,4.53,125.5,11.45,1008.43,1.11,4.08,7.02,1.25,0.03892,0.2535,0.36556,0.43984,0.00159,-0.1
S089,11.11932,79.848956,Gaja,2018-11-16,2018,2619.9,0.664,4.53,125.5,28.39,994.99,3.32,7.7,7.02,1.25,0.43774,0.2535,0.36556,0.43984,0.01784,2.1
S089,11.11932,79.848956,Nivar,2020-11-27,2020,2619.9,0.664,4.53,125.5,15.83,1004.41,1.62,4.77,7.02,1.25,0.09134,0.2535,0.36556,0.43984,0.00372,1.4
S089,11.11932,79.848956,Michaung,2023-12-04,2023,2619.9,0.664,4.53,125.5,10.76,1010.96,0.63,4.1,7.02,1.25,0.02226,0.2535,0.36556,0.43984,0.00091,-0.8
S090,11.092764,79.849781,Vardah,2016-12-12,2016,2435.1,0.737,2.46,51.0,10.51,1009.46,1.16,4.13,4.99,1.7,0.03485,0.26968,0.52882,0.57982,0.00288,-0.4
S090,11.092764,79.849781,Gaja,2018-11-16,2018,2435.1,0.737,2.46,51.0,27.55,993.01,3.22,7.74,4.99,1.7,0.4059,0.26968,0.52882,0.57982,0.03356,2.8
S090,11.092764,79.849781,Nivar,2020-11-27,2020,2435.1,0.737,2.46,51.0,14.57,1004.16,1.72,4.49,4.99,1.7,0.08322,0.26968,0.52882,0.57982,0.00688,0.1
S090,11.092764,79.849781,Michaung,2023-12-04,2023,2435.1,0.737,2.46,51.0,8.55,1011.07,0.94,4.22,4.99,1.7,0.02074,0.26968,0.52882,0.57982,0.00171,-0.6
S091,11.066189,79.848975,Vardah,2016-12-12,2016,2296.5,0.626,1.96,60.5,11.4,1009.23,0.91,4.7,6.34,1.2,0.03295,0.29699,0.56513,0.46681,0.00258,-1.3
S091,11.066189,79.848975,Gaja,2018-11-16,2018,2296.5,0.626,1.96,60.5,28.36,993.09,3.46,7.82,6.34,1.2,0.45164,0.29699,0.56513,0.46681,0.03539,3.1
S091,11.066189,79.848975,Nivar,2020-11-27,2020,2296.5,0.626,1.96,60.5,13.25,1005.45,1.51,4.96,6.34,1.2,0.06381,0.29699,0.56513,0.46681,0.005,0.7
S091,11.066189,79.848975,Michaung,2023-12-04,2023,2296.5,0.626,1.96,60.5,9.86,1010.73,0.96,3.94,6.34,1.2,0.02687,0.29699,0.56513,0.46681,0.00211,-0.8
S092,11.039614,79.84817,Vardah,2016-12-12,2016,1968.6,0.478,2.15,199.0,10.61,1008.94,1.02,4.32,6.04,1.26,0.03195,0.35984,0.44603,0.48595,0.00249,0.4
S092,11.039614,79.84817,Gaja,2018-11-16,2018,1968.6,0.478,2.15,199.0,27.35,990.89,3.56,7.87,6.04,1.26,0.43443,0.35984,0.44603,0.48595,0.03388,2.7
S092,11.039614,79.84817,Nivar,2020-11-27,2020,1968.6,0.478,2.15,199.0,14.91,1004.69,1.38,5.5,6.04,1.26,0.07257,0.35984,0.44603,0.48595,0.00566,0.7
S092,11.039614,79.84817,Michaung,2023-12-04,2023,1968.6,0.478,2.15,199.0,8.6,1010.31,0.8,3.62,6.04,1.26,0.01841,0.35984,0.44603,0.48595,0.00144,1.0
S093,11.013039,79.847365,Vardah,2016-12-12,2016,2218.2,0.677,3.84,61.3,10.09,1010.16,1.04,3.93,3.55,1.44,0.0298,0.3031,0.4281,0.64227,0.00248,-0.2
S093,11.013039,79.847365,Gaja,2018-11-16,2018,2218.2,0.677,3.84,61.3,27.14,991.52,3.57,8.41,3.55,1.44,0.42973,0.3031,0.4281,0.64227,0.03581,0.9
S093,11.013039,79.847365,Nivar,2020-11-27,2020,2218.2,0.677,3.84,61.3,15.02,1006.57,1.67,5.03,3.55,1.44,0.08559,0.3031,0.4281,0.64227,0.00713,1.6
S093,11.013039,79.847365,Michaung,2023-12-04,2023,2218.2,0.677,3.84,61.3,7.71,1011.69,0.76,3.49,3.55,1.44,0.01467,0.3031,0.4281,0.64227,0.00122,-1.0
S094,10.986464,79.84656,Vardah,2016-12-12,2016,2076.7,0.622,2.49,60.4,10.61,1008.73,1.12,3.72,9.43,1.2,0.03444,0.32858,0.51862,0.34272,0.00201,-2.0
S094,10.986464,79.84656,Gaja,2018-11-16,2018,2076.7,0.622,2.49,60.4,30.97,991.73,3.55,8.34,9.43,1.2,0.53544,0.32858,0.51862,0.34272,0.03127,3.1
S094,10.986464,79.84656,Nivar,2020-11-27,2020,2076.7,0.622,2.49,60.4,14.23,1006.23,1.63,4.82,9.43,1.2,0.07658,0.32858,0.51862,0.34272,0.00447,0.3
S094,10.986464,79.84656,Michaung,2023-12-04,2023,2076.7,0.622,2.49,60.4,8.82,1010.95,0.8,3.91,9.43,1.2,0.01922,0.32858,0.51862,0.34272,0.00112,0.1
S095,10.95989,79.845754,Vardah,2016-12-12,2016,1953.2,0.564,2.04,138.1,9.67,1010.13,0.94,4.1,4.58,0.78,0.02557,0.35352,0.49351,0.51679,0.00231,-0.1
S095,10.95989,79.845754,Gaja,2018-11-16,2018,1953.2,0.564,2.04,138.1,30.81,988.69,3.87,8.31,4.58,0.78,0.56869,0.35352,0.49351,0.51679,0.05127,4.6
S095,10.95989,79.845754,Nivar,2020-11-27,2020,1953.2,0.564,2.04,138.1,13.32,1006.26,1.7,4.89,4.58,0.78,0.07079,0.35352,0.49351,0.51679,0.00638,1.7
S095,10.95989,79.845754,Michaung,2023-12-04,2023,1953.2,0.564,2.04,138.1,8.81,1011.55,0.85,4.09,4.58,0.78,0.02013,0.35352,0.49351,0.51679,0.00182,-0.6
S096,10.933315,79.844949,Vardah,2016-12-12,2016,1810.9,0.656,2.04,151.4,9.63,1009.08,1.06,4.08,3.48,1.41,0.02795,0.36705,0.48398,0.64361,0.0032,0.9
S096,10.933315,79.844949,Gaja,2018-11-16,2018,1810.9,0.656,2.04,151.4,32.23,988.96,3.77,8.26,3.48,1.41,0.60123,0.36705,0.48398,0.64361,0.06874,7.0
S096,10.933315,79.844949,Nivar,2020-11-27,2020,1810.9,0.656,2.04,151.4,13.76,1006.87,1.29,4.92,3.48,1.41,0.05999,0.36705,0.48398,0.64361,0.00686,1.0
S096,10.933315,79.844949,Michaung,2023-12-04,2023,1810.9,0.656,2.04,151.4,8.53,1012.13,1.11,3.63,3.48,1.41,0.02359,0.36705,0.48398,0.64361,0.0027,-0.8
S097,10.90674,79.844144,Vardah,2016-12-12,2016,1766.4,0.618,3.45,189.4,9.62,1010.97,1.16,4.08,9.01,1.23,0.02998,0.3788,0.38414,0.35925,0.00157,0.1
S097,10.90674,79.844144,Gaja,2018-11-16,2018,1766.4,0.618,3.45,189.4,31.22,989.79,3.9,8.7,9.01,1.23,0.58522,0.3788,0.38414,0.35925,0.03059,2.7
S097,10.90674,79.844144,Nivar,2020-11-27,2020,1766.4,0.618,3.45,189.4,13.19,1006.47,1.43,5.08,9.01,1.23,0.06062,0.3788,0.38414,0.35925,0.00317,1.9
S097,10.90674,79.844144,Michaung,2023-12-04,2023,1766.4,0.618,3.45,189.4,9.15,1011.96,0.8,3.68,9.01,1.23,0.02046,0.3788,0.38414,0.35925,0.00107,0.7
S098,10.880165,79.843338,Vardah,2016-12-12,2016,1597.6,0.523,3.38,156.2,10.36,1008.63,0.98,4.08,4.1,1.06,0.02972,0.4205,0.4028,0.57008,0.00287,-0.3
S098,10.880165,79.843338,Gaja,2018-11-16,2018,1597.6,0.523,3.38,156.2,33.77,988.79,4.21,8.98,4.1,1.06,0.71098,0.4205,0.4028,0.57008,0.06865,4.8
S098,10.880165,79.843338,Nivar,2020-11-27,2020,1597.6,0.523,3.38,156.2,12.41,1006.85,1.41,4.5,4.1,1.06,0.05404,0.4205,0.4028,0.57008,0.00522,-0.2
S098,10.880165,79.843338,Michaung,2023-12-04,2023,1597.6,0.523,3.38,156.2,8.38,1011.69,0.87,3.71,4.1,1.06,0.01884,0.4205,0.4028,0.57008,0.00182,0.6
S099,10.85359,79.842533,Vardah,2016-12-12,2016,1422.8,0.413,3.21,155.9,9.99,1007.57,0.95,4.35,3.77,1.0,0.02725,0.46968,0.4114,0.58303,0.00307,-1.5
S099,10.85359,79.842533,Gaja,2018-11-16,2018,1422.8,0.413,3.21,155.9,32.79,989.56,3.97,8.94,3.77,1.0,0.64524,0.46968,0.4114,0.58303,0.07269,3.8
S099,10.85359,79.842533,Nivar,2020-11-27,2020,1422.8,0.413,3.21,155.9,14.29,1006.94,1.39,5.14,3.77,1.0,0.0679,0.46968,0.4114,0.58303,0.00765,1.2
S099,10.85359,79.842533,Michaung,2023-12-04,2023,1422.8,0.413,3.21,155.9,7.89,1010.89,0.87,3.69,3.77,1.0,0.017,0.46968,0.4114,0.58303,0.00192,-2.0
S100,10.827015,79.841728,Vardah,2016-12-12,2016,1262.9,0.511,3.89,95.4,10.01,1008.76,1.19,4.11,3.72,2.19,0.03274,0.49129,0.40763,0.709,0.00465,-0.5
S100,10.827015,79.841728,Gaja,2018-11-16,2018,1262.9,0.511,3.89,95.4,31.43,987.46,3.83,9.04,3.72,2.19,0.58341,0.49129,0.40763,0.709,0.08284,8.7
S100,10.827015,79.841728,Nivar,2020-11-27,2020,1262.9,0.511,3.89,95.4,13.41,1007.1,1.31,4.53,3.72,2.19,0.05813,0.49129,0.40763,0.709,0.00825,2.7
S100,10.827015,79.841728,Michaung,2023-12-04,2023,1262.9,0.511,3.89,95.4,8.4,1013.0,0.97,3.4,3.72,2.19,0.02064,0.49129,0.40763,0.709,0.00293,-0.4
S101,10.80044,79.840922,Vardah,2016-12-12,2016,1269.4,0.526,2.61,145.3,9.43,1009.97,0.98,4.8,7.31,1.12,0.02533,0.48773,0.45067,0.41788,0.00233,-0.9
S101,10.80044,79.840922,Gaja,2018-11-16,2018,1269.4,0.526,2.61,145.3,31.48,990.13,3.87,8.67,7.31,1.12,0.58987,0.48773,0.45067,0.41788,0.05418,2.6
S101,10.80044,79.840922,Nivar,2020-11-27,2020,1269.4,0.526,2.61,145.3,12.75,1007.74,1.38,4.87,7.31,1.12,0.05562,0.48773,0.45067,0.41788,0.00511,1.8
S101,10.80044,79.840922,Michaung,2023-12-04,2023,1269.4,0.526,2.61,145.3,9.26,1011.55,0.66,3.67,7.31,1.12,0.0179,0.48773,0.45067,0.41788,0.00164,-0.1
S102,10.773865,79.840117,Vardah,2016-12-12,2016,1019.7,0.448,1.18,149.3,10.09,1009.73,0.87,3.74,8.1,1.63,0.02583,0.55862,0.55497,0.42017,0.00336,-1.4
S102,10.773865,79.840117,Gaja,2018-11-16,2018,1019.7,0.448,1.18,149.3,30.44,989.11,3.66,8.4,8.1,1.63,0.53281,0.55862,0.55497,0.42017,0.0694,3.8
S102,10.773865,79.840117,Nivar,2020-11-27,2020,1019.7,0.448,1.18,149.3,12.81,1008.08,1.25,4.59,8.1,1.63,0.0518,0.55862,0.55497,0.42017,0.00675,1.0
S102,10.773865,79.840117,Michaung,2023-12-04,2023,1019.7,0.448,1.18,149.3,7.89,1010.91,0.94,4.04,8.1,1.63,0.01809,0.55862,0.55497,0.42017,0.00236,0.8
S103,10.747342,79.841678,Vardah,2016-12-12,2016,1006.1,0.388,2.84,131.9,10.55,1008.61,1.13,4.12,4.6,1.39,0.03435,0.57158,0.4449,0.57352,0.00501,1.4
S103,10.747342,79.841678,Gaja,2018-11-16,2018,1006.1,0.388,2.84,131.9,30.28,990.95,3.66,8.45,4.6,1.39,0.52805,0.57158,0.4449,0.57352,0.07701,5.1
S103,10.747342,79.841678,Nivar,2020-11-27,2020,1006.1,0.388,2.84,131.9,13.05,1006.37,1.23,5.18,4.6,1.39,0.05277,0.57158,0.4449,0.57352,0.0077,-0.1
S103,10.747342,79.841678,Michaung,2023-12-04,2023,1006.1,0.388,2.84,131.9,8.23,1010.87,0.83,3.62,4.6,1.39,0.01759,0.57158,0.4449,0.57352,0.00257,-0.0
S104,10.720828,79.843642,Vardah,2016-12-12,2016,669.1,0.251,2.98,133.8,10.41,1009.71,1.05,4.21,7.38,1.19,0.03166,0.69147,0.43565,0.41998,0.00401,1.3
S104,10.720828,79.843642,Gaja,2018-11-16,2018,669.1,0.251,2.98,133.8,29.45,994.11,3.73,8.31,7.38,1.19,0.51138,0.69147,0.43565,0.41998,0.0647,3.2
S104,10.720828,79.843642,Nivar,2020-11-27,2020,669.1,0.251,2.98,133.8,12.13,1008.93,1.48,5.0,7.38,1.19,0.05404,0.69147,0.43565,0.41998,0.00684,1.2
S104,10.720828,79.843642,Michaung,2023-12-04,2023,669.1,0.251,2.98,133.8,7.38,1012.0,0.64,3.43,7.38,1.19,0.01187,0.69147,0.43565,0.41998,0.0015,0.3
S105,10.694313,79.845606,Vardah,2016-12-12,2016,698.7,0.369,4.45,156.3,10.07,1011.07,1.01,4.13,7.39,1.74,0.02901,0.66075,0.35665,0.45897,0.00314,-0.8
S105,10.694313,79.845606,Gaja,2018-11-16,2018,698.7,0.369,4.45,156.3,28.64,990.91,3.28,8.28,7.39,1.74,0.44003,0.66075,0.35665,0.45897,0.04759,2.6
S105,10.694313,79.845606,Nivar,2020-11-27,2020,698.7,0.369,4.45,156.3,12.76,1008.82,1.19,4.75,7.39,1.74,0.04947,0.66075,0.35665,0.45897,0.00535,-0.3
S105,10.694313,79.845606,Michaung,2023-12-04,2023,698.7,0.369,4.45,156.3,6.87,1011.75,0.72,3.68,7.39,1.74,0.01155,0.66075,0.35665,0.45897,0.00125,2.1
S106,10.667799,79.84757,Vardah,2016-12-12,2016,708.8,0.297,3.83,173.8,8.36,1010.73,0.82,4.21,4.35,0.79,0.01789,0.67077,0.37448,0.52979,0.00238,0.5
S106,10.667799,79.84757,Gaja,2018-11-16,2018,708.8,0.297,3.83,173.8,28.42,991.94,3.35,8.2,4.35,0.79,0.4417,0.67077,0.37448,0.52979,0.05878,6.0
S106,10.667799,79.84757,Nivar,2020-11-27,2020,708.8,0.297,3.83,173.8,12.31,1007.36,1.28,5.18,4.35,0.79,0.04933,0.67077,0.37448,0.52979,0.00656,0.6
S106,10.667799,79.84757,Michaung,2023-12-04,2023,708.8,0.297,3.83,173.8,9.48,1011.1,0.77,3.94,4.35,0.79,0.02107,0.67077,0.37448,0.52979,0.0028,0.6
S107,10.641284,79.849534,Vardah,2016-12-12,2016,575.3,0.383,2.86,71.7,8.89,1009.84,1.05,4.26,9.17,1.09,0.02421,0.69618,0.48237,0.34516,0.00281,1.7
S107,10.641284,79.849534,Gaja,2018-11-16,2018,575.3,0.383,2.86,71.7,28.98,993.36,3.33,8.18,9.17,1.09,0.45441,0.69618,0.48237,0.34516,0.05267,4.0
S107,10.641284,79.849534,Nivar,2020-11-27,2020,575.3,0.383,2.86,71.7,11.0,1007.38,1.28,4.5,9.17,1.09,0.04074,0.69618,0.48237,0.34516,0.00472,0.3
S107,10.641284,79.849534,Michaung,2023-12-04,2023,575.3,0.383,2.86,71.7,9.13,1012.33,0.93,3.29,9.17,1.09,0.02299,0.69618,0.48237,0.34516,0.00266,0.4
S108,10.61477,79.851499,Vardah,2016-12-12,2016,505.7,0.265,3.49,158.3,9.99,1009.34,0.84,3.74,7.21,0.72,0.0247,0.742,0.39653,0.3929,0.00285,0.2
S108,10.61477,79.851499,Gaja,2018-11-16,2018,505.7,0.265,3.49,158.3,28.27,995.42,3.19,7.86,7.21,0.72,0.42093,0.742,0.39653,0.3929,0.04866,3.5
S108,10.61477,79.851499,Nivar,2020-11-27,2020,505.7,0.265,3.49,158.3,11.97,1008.66,1.24,4.93,7.21,0.72,0.04586,0.742,0.39653,0.3929,0.0053,1.4
S108,10.61477,79.851499,Michaung,2023-12-04,2023,505.7,0.265,3.49,158.3,7.39,1012.4,0.87,3.84,7.21,0.72,0.01521,0.742,0.39653,0.3929,0.00176,1.2
S109,10.588255,79.853463,Vardah,2016-12-12,2016,552.7,0.284,0.74,180.9,9.52,1010.79,0.93,3.44,3.49,1.16,0.02468,0.72262,0.56667,0.61651,0.00623,0.4
S109,10.588255,79.853463,Gaja,2018-11-16,2018,552.7,0.284,0.74,180.9,25.88,993.38,3.39,7.73,3.49,1.16,0.3803,0.72262,0.56667,0.61651,0.09601,6.8
S109,10.588255,79.853463,Nivar,2020-11-27,2020,552.7,0.284,0.74,180.9,11.08,1008.71,1.31,4.28,3.49,1.16,0.04202,0.72262,0.56667,0.61651,0.01061,0.7
S109,10.588255,79.853463,Michaung,2023-12-04,2023,552.7,0.284,0.74,180.9,8.9,1010.25,0.75,3.65,3.49,1.16,0.01853,0.72262,0.56667,0.61651,0.00468,0.2
S110,10.561741,79.855427,Vardah,2016-12-12,2016,353.4,0.281,2.01,75.9,8.9,1010.8,1.13,3.85,5.39,1.42,0.02572,0.79178,0.54624,0.53258,0.00593,0.7
S110,10.561741,79.855427,Gaja,2018-11-16,2018,353.4,0.281,2.01,75.9,27.48,994.4,3.36,7.5,5.39,1.42,0.41815,0.79178,0.54624,0.53258,0.09632,8.2
S110,10.561741,79.855427,Nivar,2020-11-27,2020,353.4,0.281,2.01,75.9,12.0,1008.84,1.17,4.3,5.39,1.42,0.04396,0.79178,0.54624,0.53258,0.01013,0.8
S110,10.561741,79.855427,Michaung,2023-12-04,2023,353.4,0.281,2.01,75.9,8.89,1011.82,0.72,3.69,5.39,1.42,0.0179,0.79178,0.54624,0.53258,0.00412,1.3
S111,10.535227,79.857391,Vardah,2016-12-12,2016,337.5,0.14,3.34,170.1,10.22,1010.22,0.81,4.01,3.83,1.36,0.02493,0.82776,0.39804,0.61636,0.00506,1.9
S111,10.535227,79.857391,Gaja,2018-11-16,2018,337.5,0.14,3.34,170.1,26.28,994.34,3.04,7.15,3.83,1.36,0.35776,0.82776,0.39804,0.61636,0.07265,5.2
S111,10.535227,79.857391,Nivar,2020-11-27,2020,337.5,0.14,3.34,170.1,12.56,1007.58,0.96,4.22,3.83,1.36,0.04055,0.82776,0.39804,0.61636,0.00824,0.9
S111,10.535227,79.857391,Michaung,2023-12-04,2023,337.5,0.14,3.34,170.1,8.64,1012.21,0.89,3.3,3.83,1.36,0.02021,0.82776,0.39804,0.61636,0.0041,1.5
S112,10.508712,79.859355,Vardah,2016-12-12,2016,395.9,0.203,0.85,146.8,8.93,1011.4,0.73,3.91,4.56,1.02,0.01824,0.79292,0.58983,0.54064,0.00461,0.6
S112,10.508712,79.859355,Gaja,2018-11-16,2018,395.9,0.203,0.85,146.8,25.78,994.57,3.01,7.01,4.56,1.02,0.34353,0.79292,0.58983,0.54064,0.08686,6.9
S112,10.508712,79.859355,Nivar,2020-11-27,2020,395.9,0.203,0.85,146.8,11.78,1009.87,1.08,4.64,4.56,1.02,0.03996,0.79292,0.58983,0.54064,0.0101,2.1
S112,10.508712,79.859355,Michaung,2023-12-04,2023,395.9,0.203,0.85,146.8,6.79,1012.38,0.86,3.67,4.56,1.02,0.01305,0.79292,0.58983,0.54064,0.0033,-1.0
S113,10.482495,79.863501,Vardah,2016-12-12,2016,338.7,0.213,2.92,140.7,9.87,1009.92,0.86,3.88,6.47,1.68,0.02465,0.81166,0.43514,0.49848,0.00434,1.0
S113,10.482495,79.863501,Gaja,2018-11-16,2018,338.7,0.213,2.92,140.7,23.86,995.76,2.95,7.42,6.47,1.68,0.29636,0.81166,0.43514,0.49848,0.05218,6.1
S113,10.482495,79.863501,Nivar,2020-11-27,2020,338.7,0.213,2.92,140.7,9.84,1009.2,1.0,4.63,6.47,1.68,0.02767,0.81166,0.43514,0.49848,0.00487,-0.6
S113,10.482495,79.863501,Michaung,2023-12-04,2023,338.7,0.213,2.92,140.7,7.54,1011.45,0.73,3.81,6.47,1.68,0.01368,0.81166,0.43514,0.49848,0.00241,0.7
S114,10.456425,79.868715,Vardah,2016-12-12,2016,287.8,0.4,0.82,134.8,9.06,1009.87,0.96,3.87,10.03,1.23,0.02327,0.78964,0.60591,0.32441,0.00361,1.4
S114,10.456425,79.868715,Gaja,2018-11-16,2018,287.8,0.4,0.82,134.8,23.31,995.49,2.87,7.39,10.03,1.23,0.27865,0.78964,0.60591,0.32441,0.04325,3.1
S114,10.456425,79.868715,Nivar,2020-11-27,2020,287.8,0.4,0.82,134.8,10.78,1008.37,1.32,4.1,10.03,1.23,0.04035,0.78964,0.60591,0.32441,0.00626,-0.3
S114,10.456425,79.868715,Michaung,2023-12-04,2023,287.8,0.4,0.82,134.8,8.5,1010.47,0.89,3.88,10.03,1.23,0.01965,0.78964,0.60591,0.32441,0.00305,1.1
S115,10.430354,79.873929,Vardah,2016-12-12,2016,225.9,0.24,1.46,124.1,9.45,1010.87,0.74,3.84,4.93,1.07,0.0203,0.84827,0.55239,0.52559,0.005,-0.6
S115,10.430354,79.873929,Gaja,2018-11-16,2018,225.9,0.24,1.46,124.1,23.8,997.86,2.99,7.07,4.93,1.07,0.29829,0.84827,0.55239,0.52559,0.07346,5.8
S115,10.430354,79.873929,Nivar,2020-11-27,2020,225.9,0.24,1.46,124.1,10.59,1008.79,1.16,4.24,4.93,1.07,0.0353,0.84827,0.55239,0.52559,0.00869,0.8
S115,10.430354,79.873929,Michaung,2023-12-04,2023,225.9,0.24,1.46,124.1,7.17,1011.28,0.81,3.94,4.93,1.07,0.01365,0.84827,0.55239,0.52559,0.00336,-0.8
S116,10.404283,79.879143,Vardah,2016-12-12,2016,368.4,0.309,2.69,154.0,9.49,1010.62,0.86,4.22,8.91,1.53,0.02306,0.78048,0.44072,0.38132,0.00302,1.0
S116,10.404283,79.879143,Gaja,2018-11-16,2018,368.4,0.309,2.69,154.0,23.6,999.18,2.66,6.63,8.91,1.53,0.26778,0.78048,0.44072,0.38132,0.03512,1.8
S116,10.404283,79.879143,Nivar,2020-11-27,2020,368.4,0.309,2.69,154.0,10.52,1007.39,1.06,4.17,8.91,1.53,0.03248,0.78048,0.44072,0.38132,0.00426,1.1
S116,10.404283,79.879143,Michaung,2023-12-04,2023,368.4,0.309,2.69,154.0,8.27,1011.53,0.8,3.89,8.91,1.53,0.01723,0.78048,0.44072,0.38132,0.00226,-0.6
S117,10.378212,79.884358,Vardah,2016-12-12,2016,122.5,0.143,2.21,137.6,8.5,1009.32,0.72,3.67,10.53,1.91,0.01659,0.91203,0.48174,0.34418,0.00251,0.2
S117,10.378212,79.884358,Gaja,2018-11-16,2018,122.5,0.143,2.21,137.6,21.76,997.67,2.54,6.83,10.53,1.91,0.22481,0.91203,0.48174,0.34418,0.034,2.8
S117,10.378212,79.884358,Nivar,2020-11-27,2020,122.5,0.143,2.21,137.6,10.94,1009.39,0.89,4.13,10.53,1.91,0.03018,0.91203,0.48174,0.34418,0.00456,-0.1
S117,10.378212,79.884358,Michaung,2023-12-04,2023,122.5,0.143,2.21,137.6,7.64,1012.1,0.9,3.91,10.53,1.91,0.01654,0.91203,0.48174,0.34418,0.0025,-0.8
S118,10.352142,79.889572,Vardah,2016-12-12,2016,265.8,0.291,4.32,54.7,9.39,1011.67,0.75,4.05,2.8,1.35,0.0203,0.82172,0.40649,0.68209,0.00463,0.2
S118,10.352142,79.889572,Gaja,2018-11-16,2018,265.8,0.291,4.32,54.7,20.96,998.85,2.66,6.64,2.8,1.35,0.21888,0.82172,0.40649,0.68209,0.04987,3.6
S118,10.352142,79.889572,Nivar,2020-11-27,2020,265.8,0.291,4.32,54.7,9.94,1009.97,1.05,4.31,2.8,1.35,0.02927,0.82172,0.40649,0.68209,0.00667,0.8
S118,10.352142,79.889572,Michaung,2023-12-04,2023,265.8,0.291,4.32,54.7,7.01,1011.35,0.46,3.84,2.8,1.35,0.00835,0.82172,0.40649,0.68209,0.0019,-1.1
S119,10.326071,79.894786,Vardah,2016-12-12,2016,298.2,0.151,2.51,86.7,8.9,1011.5,0.91,3.53,5.11,1.37,0.02163,0.84027,0.49675,0.54321,0.00491,0.3
S119,10.326071,79.894786,Gaja,2018-11-16,2018,298.2,0.151,2.51,86.7,23.01,1000.26,2.69,6.69,5.11,1.37,0.25881,0.84027,0.49675,0.54321,0.05868,3.4
S119,10.326071,79.894786,Nivar,2020-11-27,2020,298.2,0.151,2.51,86.7,11.0,1009.45,1.11,4.09,5.11,1.37,0.03635,0.84027,0.49675,0.54321,0.00824,0.4
S119,10.326071,79.894786,Michaung,2023-12-04,2023,298.2,0.151,2.51,86.7,8.04,1012.29,0.78,3.55,5.11,1.37,0.01609,0.84027,0.49675,0.54321,0.00365,-1.1
S120,10.3,79.9,Vardah,2016-12-12,2016,362.1,0.213,2.09,84.8,10.04,1013.0,0.88,3.49,6.54,0.9,0.02585,0.80307,0.53152,0.43417,0.00479,-0.5
S120,10.3,79.9,Gaja,2018-11-16,2018,362.1,0.213,2.09,84.8,21.68,1000.35,2.38,6.49,6.54,0.9,0.21208,0.80307,0.53152,0.43417,0.0393,2.8
S120,10.3,79.9,Nivar,2020-11-27,2020,362.1,0.213,2.09,84.8,11.02,1009.4,0.85,4.38,6.54,0.9,0.02946,0.80307,0.53152,0.43417,0.00546,1.5
S120,10.3,79.9,Michaung,2023-12-04,2023,362.1,0.213,2.09,84.8,7.82,1012.44,0.66,3.48,6.54,0.9,0.01343,0.80307,0.53152,0.43417,0.00249,1.2
