Section_ID,Latitude,Longitude,ok_2018-09-13,ok_2018-09-08,ok_2018-03-27,ok_2018-02-15,ok_2017-12-27,ok_2017-12-12,ok_2017-11-17,N_Dates,N_Valid_Dates,Pre_Storm_Usable,Pre_Storm_Mean_d,Pre_Storm_Median_d,Pre_Storm_SD_m,Pre_Storm_Range_m,d_2018-09-13,d_2018-09-08,d_2018-03-27,d_2018-02-15,d_2017-12-27,d_2017-12-12,d_2017-11-17
S001,10.336267,79.401378,0,2,0,0,0,0,2,0,0,0,,,,,,150.0,,,,,150.0
S002,10.63597,79.400114,0,0,0,0,0,0,0,0,0,0,,,,,,,,,,,
S003,10.702963,79.400038,0,0,0,0,0,0,0,0,0,0,,,,,,,,,,,
S004,10.735169,79.831338,0,1,0,0,0,0,1,2,2,1,105.0,105.0,7.1,10.0,,110.0,,,,,100.0
S005,10.736417,79.85081,0,0,0,0,0,0,0,0,0,0,,,,,,,,,,,
S006,10.679182,79.851849,0,1,0,0,1,0,1,3,3,1,16.7,20.0,5.8,10.0,,10.0,,,20.0,,20.0
S007,10.645302,79.811114,0,1,0,0,0,0,0,1,1,0,10.0,10.0,,0.0,,10.0,,,,,
S008,10.662276,79.852735,0,0,0,0,0,0,0,0,0,0,,,,,,,,,,,
S009,10.605682,79.856054,0,1,0,0,1,0,1,3,3,1,0.0,0.0,20.0,40.0,,-20.0,,,0.0,,20.0
S010,10.549723,79.860008,0,1,0,0,1,0,1,3,3,1,23.3,30.0,20.8,40.0,,0.0,,,40.0,,30.0
S011,10.498192,79.863487,0,1,0,0,1,0,1,3,3,1,50.0,50.0,0.0,0.0,,50.0,,,50.0,,50.0
S012,10.44132,79.865247,0,1,0,0,1,0,1,3,3,1,50.0,50.0,40.0,80.0,,10.0,,,90.0,,50.0
S013,10.401616,79.86329,0,2,0,0,1,0,2,1,1,0,-10.0,-10.0,,0.0,,150.0,,,-10.0,,150.0
S014,10.353459,79.87488,0,0,0,0,0,0,1,1,1,0,-70.0,-70.0,,0.0,,,,,,,-70.0
S015,10.301215,79.881457,0,1,0,0,1,0,1,3,3,1,-40.0,-50.0,26.5,50.0,,-10.0,,,-60.0,,-50.0
S016,10.277663,79.844013,0,0,0,0,2,0,2,0,0,0,,,,,,,,,-100.0,,-100.0
S017,10.273657,79.787054,0,1,0,0,1,0,0,2,2,1,-30.0,-30.0,42.4,60.0,,0.0,,,-60.0,,
S018,10.277502,79.751979,0,1,0,0,0,0,1,2,2,1,5.0,5.0,7.1,10.0,,0.0,,,,,10.0
S019,10.287699,79.770018,0,1,0,0,1,0,2,2,2,1,-55.0,-55.0,49.5,70.0,,-20.0,,,-90.0,,150.0
S020,10.302322,79.763387,0,1,0,0,1,0,2,2,2,1,75.0,75.0,91.9,130.0,,10.0,,,140.0,,150.0
S021,10.314495,79.754299,0,1,0,0,0,0,2,1,1,0,-10.0,-10.0,,0.0,,-10.0,,,,,150.0
S022,10.324347,79.707233,0,1,0,0,1,0,1,3,3,1,-23.3,-20.0,25.2,50.0,,-20.0,,,0.0,,-50.0
S023,10.31425,79.692391,0,1,0,0,2,0,0,1,1,0,0.0,0.0,,0.0,,0.0,,,150.0,,
S024,10.30119,79.682583,0,1,0,0,2,0,2,1,1,0,-10.0,-10.0,,0.0,,-10.0,,,150.0,,150.0
S025,10.281292,79.726673,0,1,0,0,0,0,2,1,1,0,0.0,0.0,,0.0,,0.0,,,,,150.0
S026,10.278199,79.699021,0,1,0,0,0,0,1,2,2,1,20.0,20.0,56.6,80.0,,-20.0,,,,,60.0
S027,10.286668,79.647492,0,1,0,0,1,0,1,3,3,1,46.7,0.0,80.8,140.0,,0.0,,,0.0,,140.0
S028,10.295382,79.591669,0,1,0,0,1,0,1,3,3,1,30.0,50.0,34.6,60.0,,-10.0,,,50.0,,50.0
S029,10.304623,79.534928,0,1,0,0,1,0,1,3,3,1,6.7,10.0,5.8,10.0,,10.0,,,0.0,,10.0
S030,10.311569,79.551331,0,1,0,0,1,0,1,3,3,1,53.3,80.0,55.1,100.0,,-10.0,,,80.0,,90.0
S031,10.315011,79.552776,0,1,0,0,1,0,2,2,2,1,25.0,25.0,35.4,50.0,,0.0,,,50.0,,150.0
S032,10.336047,79.586557,0,1,0,0,2,0,2,1,1,0,20.0,20.0,,0.0,,20.0,,,150.0,,150.0
S033,10.344515,79.538852,0,1,0,0,1,0,1,3,3,1,-10.0,-10.0,0.0,0.0,,-10.0,,,-10.0,,-10.0
S034,10.32012,79.522804,0,1,0,0,1,0,2,2,2,1,0.0,0.0,0.0,0.0,,0.0,,,0.0,,150.0
S035,10.327,79.504966,0,1,0,0,1,0,2,2,2,1,70.0,70.0,84.9,120.0,,10.0,,,130.0,,150.0
S036,10.336126,79.48447,0,1,0,0,2,0,2,1,1,0,0.0,0.0,,0.0,,0.0,,,150.0,,150.0
S037,10.346653,79.473553,0,1,0,0,2,0,2,1,1,0,-10.0,-10.0,,0.0,,-10.0,,,150.0,,150.0
S038,10.317956,79.485196,0,1,0,0,1,0,1,3,3,1,83.3,130.0,89.6,160.0,,-20.0,,,140.0,,130.0
S039,10.308861,79.512448,0,1,0,0,1,0,1,3,3,1,33.3,40.0,30.6,60.0,,0.0,,,40.0,,60.0
S040,10.313732,79.452438,0,1,0,0,1,0,1,3,3,1,6.7,10.0,35.1,70.0,,-30.0,,,10.0,,40.0
S041,10.325964,79.401978,0,1,0,0,2,0,2,1,1,0,60.0,60.0,,0.0,,60.0,,,150.0,,150.0
S042,10.669846,79.821441,0,1,0,0,0,0,1,2,2,1,75.0,75.0,91.9,130.0,,10.0,,,,,140.0
S043,10.431315,79.848931,0,1,0,0,2,0,2,1,1,0,100.0,100.0,,0.0,,100.0,,,150.0,,150.0
S044,10.441494,79.838023,0,1,0,0,1,0,1,3,3,1,16.7,10.0,11.5,20.0,,10.0,,,10.0,,30.0
S045,10.433662,79.847827,0,1,0,0,1,0,2,2,2,1,75.0,75.0,63.6,90.0,,30.0,,,120.0,,150.0
S046,10.363402,79.459318,0,1,0,0,2,0,2,1,1,0,0.0,0.0,,0.0,,0.0,,,150.0,,150.0
S047,10.350262,79.491159,0,1,0,0,0,0,2,1,1,0,30.0,30.0,,0.0,,30.0,,,,,150.0
S048,10.375044,79.51241,0,1,0,0,1,0,1,3,3,1,96.7,90.0,11.5,20.0,,110.0,,,90.0,,90.0
S049,10.373771,79.530315,0,1,0,0,1,0,1,3,3,1,10.0,30.0,43.6,80.0,,30.0,,,-40.0,,40.0
S050,10.434668,79.560629,0,1,0,0,0,0,1,2,2,1,5.0,5.0,7.1,10.0,,0.0,,,,,10.0
S051,10.376273,79.563911,0,1,0,0,0,0,2,1,1,0,20.0,20.0,,0.0,,20.0,,,,,150.0
S052,10.347501,79.600568,0,1,0,0,2,0,2,1,1,0,140.0,140.0,,0.0,,140.0,,,150.0,,150.0
S053,10.602092,79.635891,0,1,0,0,0,0,1,2,2,1,35.0,35.0,21.2,30.0,,50.0,,,,,20.0
S054,10.369853,79.69079,0,0,0,0,0,0,0,0,0,0,,,,,,,,,,,
S055,10.351852,79.711413,0,0,0,0,0,0,0,0,0,0,,,,,,,,,,,
S056,10.343454,79.7372,0,0,0,0,0,0,0,0,0,0,,,,,,,,,,,
S057,10.33136,79.76647,0,0,0,0,0,0,0,0,0,0,,,,,,,,,,,
S058,10.354391,79.78291,0,1,0,0,1,0,1,3,3,1,16.7,30.0,70.9,140.0,,80.0,,,-60.0,,30.0
S059,10.560379,79.80733,0,2,0,0,2,0,2,0,0,0,,,,,,150.0,,,150.0,,150.0
S060,10.525779,79.815961,0,1,0,0,2,0,2,1,1,0,-10.0,-10.0,,0.0,,-10.0,,,150.0,,150.0
S061,10.334812,79.818966,0,1,0,0,2,0,2,1,1,0,50.0,50.0,,0.0,,50.0,,,150.0,,150.0
S062,10.49897,79.828581,0,1,0,0,0,0,2,1,1,0,0.0,0.0,,0.0,,0.0,,,,,150.0
S063,10.733626,79.402894,0,1,0,0,0,0,0,1,1,0,-90.0,-90.0,,0.0,,-90.0,,,,,
S064,10.667814,79.421793,0,1,0,0,0,0,1,2,2,1,10.0,10.0,0.0,0.0,,10.0,,,,,10.0
S065,10.56125,79.446006,0,1,0,0,0,0,1,2,2,1,-25.0,-25.0,7.1,10.0,,-20.0,,,,,-30.0
S066,10.722855,79.454238,0,0,0,0,0,0,0,0,0,0,,,,,,,,,,,
S067,10.565138,79.464627,0,1,0,0,0,0,1,2,2,1,-20.0,-20.0,0.0,0.0,,-20.0,,,,,-20.0
S068,10.35477,79.469222,0,1,0,0,2,0,2,1,1,0,-10.0,-10.0,,0.0,,-10.0,,,150.0,,150.0
S069,10.675125,79.47395,0,0,0,0,0,0,0,0,0,0,,,,,,,,,,,
S070,10.358891,79.480434,0,1,0,0,1,0,1,3,3,1,53.3,80.0,64.3,120.0,,-20.0,,,80.0,,100.0
S071,10.485952,79.486669,0,1,0,0,0,0,0,1,1,0,-20.0,-20.0,,0.0,,-20.0,,,,,
S072,10.356142,79.491679,0,1,0,0,0,0,2,1,1,0,10.0,10.0,,0.0,,10.0,,,,,150.0
S073,10.398302,79.497505,0,1,0,0,0,0,0,1,1,0,-20.0,-20.0,,0.0,,-20.0,,,,,
S074,10.400045,79.502976,0,1,0,0,0,0,0,1,1,0,50.0,50.0,,0.0,,50.0,,,,,
S075,10.435705,79.510752,0,2,0,0,1,0,1,2,2,1,35.0,35.0,134.4,190.0,,150.0,,,-60.0,,130.0
S076,10.574874,79.515294,0,0,0,0,0,0,0,0,0,0,,,,,,,,,,,
S077,10.524557,79.524764,0,1,0,0,0,0,1,2,2,1,-40.0,-40.0,0.0,0.0,,-40.0,,,,,-40.0
S078,10.602062,79.528872,0,0,0,0,0,0,0,0,0,0,,,,,,,,,,,
S079,10.517029,79.539144,0,0,0,0,0,0,0,0,0,0,,,,,,,,,,,
S080,10.431367,79.550597,0,1,0,0,0,0,0,1,1,0,-90.0,-90.0,,0.0,,-90.0,,,,,
S081,10.378238,79.558513,0,1,0,0,0,0,0,1,1,0,60.0,60.0,,0.0,,60.0,,,,,
S082,10.623685,79.570994,0,0,0,0,0,0,1,1,1,0,-10.0,-10.0,,0.0,,,,,,,-10.0
S083,10.489269,79.578558,0,1,0,0,0,0,1,2,2,1,10.0,10.0,42.4,60.0,,-20.0,,,,,40.0
S084,10.344749,79.591449,0,0,0,0,0,0,2,0,0,0,,,,,,,,,,,150.0
S085,10.303534,79.595102,0,1,0,0,1,0,1,3,3,1,73.3,110.0,63.5,110.0,,0.0,,,110.0,,110.0
S086,10.366404,79.601763,0,1,0,0,1,0,2,2,2,1,-40.0,-40.0,56.6,80.0,,0.0,,,-80.0,,150.0
S087,10.335505,79.607379,0,0,0,0,2,0,2,0,0,0,,,,,,,,,150.0,,150.0
S088,10.392348,79.621284,0,1,0,0,0,0,1,2,2,1,-5.0,-5.0,106.1,150.0,,-80.0,,,,,70.0
S089,10.457498,79.632599,0,0,0,0,0,0,2,0,0,0,,,,,,,,,,,150.0
S090,10.377388,79.654319,0,1,0,0,0,0,1,2,2,1,20.0,20.0,42.4,60.0,,-10.0,,,,,50.0
S091,10.742479,79.670285,0,1,0,0,0,0,0,1,1,0,-30.0,-30.0,,0.0,,-30.0,,,,,
S092,10.408171,79.685699,0,0,0,0,0,0,1,1,1,0,-70.0,-70.0,,0.0,,,,,,,-70.0
S093,10.74232,79.696711,0,0,0,0,0,0,1,1,1,0,90.0,90.0,,0.0,,,,,,,90.0
S094,10.355832,79.71167,0,0,0,0,0,0,0,0,0,0,,,,,,,,,,,
S095,10.693259,79.727548,0,0,0,0,0,0,0,0,0,0,,,,,,,,,,,
S096,10.638674,79.757483,0,0,0,0,0,0,1,1,1,0,80.0,80.0,,0.0,,,,,,,80.0
S097,10.483525,79.761578,0,1,0,0,0,0,1,2,2,1,75.0,75.0,7.1,10.0,,70.0,,,,,80.0
S098,10.501473,79.773019,0,1,0,0,1,0,1,3,3,1,133.3,130.0,5.8,10.0,,130.0,,,130.0,,140.0
S099,10.490582,79.786218,0,1,0,0,0,0,2,1,1,0,-20.0,-20.0,,0.0,,-20.0,,,,,150.0
S100,10.59116,79.793227,0,1,0,0,1,0,2,2,2,1,55.0,55.0,63.6,90.0,,10.0,,,100.0,,150.0
S101,10.33013,79.799806,0,1,0,0,0,0,0,1,1,0,-70.0,-70.0,,0.0,,-70.0,,,,,
S102,10.386849,79.805801,0,1,0,0,1,0,0,2,2,1,-25.0,-25.0,7.1,10.0,,-20.0,,,-30.0,,
S103,10.382517,79.808283,0,1,0,0,0,0,1,2,2,1,30.0,30.0,14.1,20.0,,40.0,,,,,20.0
S104,10.536085,79.815373,0,1,0,0,2,0,2,1,1,0,10.0,10.0,,0.0,,10.0,,,150.0,,150.0
S105,10.581147,79.823335,0,1,0,0,1,0,1,3,3,1,30.0,60.0,52.0,90.0,,60.0,,,-30.0,,60.0
S106,10.493361,79.827871,0,1,0,0,1,0,2,2,2,1,25.0,25.0,35.4,50.0,,0.0,,,50.0,,150.0
S107,10.632705,79.827617,0,2,0,0,2,0,2,0,0,0,,,,,,150.0,,,150.0,,150.0
S108,10.726587,79.833566,0,1,0,0,1,0,2,2,2,1,90.0,90.0,56.6,80.0,,50.0,,,130.0,,150.0
S109,10.423078,79.846587,0,1,0,0,1,0,1,3,3,1,83.3,110.0,46.2,80.0,,30.0,,,110.0,,110.0
S110,10.355579,79.860533,0,1,0,0,0,0,1,2,2,1,-10.0,-10.0,113.1,160.0,,-90.0,,,,,70.0
S111,10.531875,79.778107,0,1,0,0,2,0,2,1,1,0,-10.0,-10.0,,0.0,,-10.0,,,150.0,,150.0
S112,10.512707,79.755431,0,1,0,0,2,0,2,1,1,0,10.0,10.0,,0.0,,10.0,,,150.0,,150.0
S113,10.498473,79.76901,0,1,0,0,0,0,2,1,1,0,10.0,10.0,,0.0,,10.0,,,,,150.0
S114,10.490805,79.821393,0,1,0,0,0,0,1,2,2,1,-10.0,-10.0,0.0,0.0,,-10.0,,,,,-10.0
S115,10.520864,79.807482,0,1,0,0,1,0,2,2,2,1,55.0,55.0,63.6,90.0,,10.0,,,100.0,,150.0
S116,10.520828,79.797796,0,1,0,0,0,0,2,1,1,0,-10.0,-10.0,,0.0,,-10.0,,,,,150.0
S117,10.532553,79.813742,0,1,0,0,2,0,2,1,1,0,20.0,20.0,,0.0,,20.0,,,150.0,,150.0
S118,10.537347,79.79033,0,1,0,0,2,0,2,1,1,0,-10.0,-10.0,,0.0,,-10.0,,,150.0,,150.0
S119,10.519894,79.789941,0,1,0,0,0,0,2,1,1,0,0.0,0.0,,0.0,,0.0,,,,,150.0
S120,10.527656,79.810106,0,1,0,0,2,0,2,1,1,0,0.0,0.0,,0.0,,0.0,,,150.0,,150.0
S121,10.33817,79.822149,0,1,0,0,1,0,2,2,2,1,105.0,105.0,7.1,10.0,,100.0,,,110.0,,150.0
S122,10.335693,79.837501,0,1,0,0,2,0,2,1,1,0,70.0,70.0,,0.0,,70.0,,,150.0,,150.0
S123,10.342292,79.836928,0,1,0,0,0,0,1,2,2,1,5.0,5.0,7.1,10.0,,10.0,,,,,0.0
S124,10.356845,79.762626,0,0,0,0,0,0,1,1,1,0,-50.0,-50.0,,0.0,,,,,,,-50.0
S125,10.365156,79.714372,0,0,0,0,0,0,0,0,0,0,,,,,,,,,,,
S126,10.342591,79.724692,0,1,0,0,0,0,2,1,1,0,10.0,10.0,,0.0,,10.0,,,,,150.0
S127,10.340594,79.769082,0,1,0,0,0,0,2,1,1,0,-20.0,-20.0,,0.0,,-20.0,,,,,150.0
S128,10.344701,79.77902,0,0,0,0,2,0,2,0,0,0,,,,,,,,,150.0,,150.0
S129,10.34066,79.762689,0,0,0,0,0,0,1,1,1,0,-20.0,-20.0,,0.0,,,,,,,-20.0
S130,10.340625,79.620506,0,2,0,0,2,0,2,0,0,0,,,,,,150.0,,,150.0,,150.0
S131,10.334349,79.633135,0,1,0,0,0,0,2,1,1,0,0.0,0.0,,0.0,,0.0,,,,,150.0
S132,10.357759,79.631116,0,1,0,0,1,0,2,2,2,1,-35.0,-35.0,49.5,70.0,,0.0,,,-70.0,,150.0
S133,10.349486,79.620467,0,1,0,0,2,0,0,1,1,0,-10.0,-10.0,,0.0,,-10.0,,,150.0,,
S134,10.317747,79.641424,0,2,0,0,0,0,0,0,0,0,,,,,,150.0,,,,,
S135,10.311886,79.645193,0,1,0,0,1,0,2,2,2,1,65.0,65.0,106.1,150.0,,-10.0,,,140.0,,150.0
S136,10.333256,79.65259,0,1,0,0,1,0,0,2,2,1,75.0,75.0,49.5,70.0,,40.0,,,110.0,,
S137,10.334747,79.663176,0,2,0,0,2,0,2,0,0,0,,,,,,150.0,,,150.0,,150.0
S138,10.348693,79.646771,0,2,0,0,0,0,0,0,0,0,,,,,,150.0,,,,,
S139,10.380749,79.636495,0,1,0,0,1,0,2,2,2,1,-10.0,-10.0,14.1,20.0,,0.0,,,-20.0,,150.0
S140,10.443964,79.639418,0,1,0,0,1,0,0,2,2,1,40.0,40.0,0.0,0.0,,40.0,,,40.0,,
S141,10.44543,79.665263,0,2,0,0,2,0,0,0,0,0,,,,,,150.0,,,150.0,,
S142,10.445645,79.652017,0,1,0,0,1,0,0,2,2,1,65.0,65.0,106.1,150.0,,140.0,,,-10.0,,
S143,10.447706,79.626247,0,0,0,0,0,0,2,0,0,0,,,,,,,,,,,150.0
S144,10.382362,79.633201,0,1,0,0,1,0,1,3,3,1,-10.0,-10.0,0.0,0.0,,-10.0,,,-10.0,,-10.0
S145,10.369805,79.494079,0,1,0,0,0,0,1,2,2,1,-45.0,-45.0,63.6,90.0,,-90.0,,,,,0.0
S146,10.367676,79.502765,0,1,0,0,0,0,0,1,1,0,0.0,0.0,,0.0,,0.0,,,,,
S147,10.717085,79.831408,0,1,0,0,1,0,1,3,3,1,26.7,50.0,49.3,90.0,,-30.0,,,50.0,,60.0
S148,10.569421,79.807112,0,1,0,0,2,0,2,1,1,0,-10.0,-10.0,,0.0,,-10.0,,,150.0,,150.0
S149,10.563165,79.802749,0,1,0,0,2,0,2,1,1,0,-10.0,-10.0,,0.0,,-10.0,,,150.0,,150.0
S150,10.334244,79.695047,0,1,0,0,0,0,2,1,1,0,-20.0,-20.0,,0.0,,-20.0,,,,,150.0
S151,10.352708,79.677163,0,1,0,0,0,0,1,2,2,1,-15.0,-15.0,35.4,50.0,,10.0,,,,,-40.0
S152,10.339375,79.667266,0,1,0,0,0,0,2,1,1,0,-10.0,-10.0,,0.0,,-10.0,,,,,150.0
S153,10.346741,79.677371,0,2,0,0,0,0,2,0,0,0,,,,,,150.0,,,,,150.0
S154,10.363549,79.569448,0,1,0,0,1,0,2,2,2,1,5.0,5.0,7.1,10.0,,0.0,,,10.0,,150.0
S155,10.447193,79.473704,0,1,0,0,0,0,1,2,2,1,-55.0,-55.0,35.4,50.0,,-30.0,,,,,-80.0
S156,10.357662,79.694677,0,0,0,0,0,0,0,0,0,0,,,,,,,,,,,
S157,10.504396,79.828652,0,1,0,0,2,0,2,1,1,0,130.0,130.0,,0.0,,130.0,,,150.0,,150.0
S158,10.37029,79.540377,0,1,0,0,2,0,2,1,1,0,-20.0,-20.0,,0.0,,-20.0,,,150.0,,150.0
S159,10.314784,79.831733,0,1,0,0,1,0,1,3,3,1,73.3,100.0,64.3,120.0,,0.0,,,100.0,,120.0
S160,10.323732,79.830513,0,2,0,0,1,0,2,1,1,0,100.0,100.0,,0.0,,150.0,,,100.0,,150.0
S161,10.301375,79.799823,0,1,0,0,2,0,2,1,1,0,-10.0,-10.0,,0.0,,-10.0,,,150.0,,150.0
S162,10.492391,79.762913,0,1,0,0,0,0,2,1,1,0,20.0,20.0,,0.0,,20.0,,,,,150.0
S163,10.581343,79.803502,0,1,0,0,2,0,2,1,1,0,0.0,0.0,,0.0,,0.0,,,150.0,,150.0
S164,10.343981,79.804045,0,1,0,0,1,0,1,3,3,1,76.7,80.0,5.8,10.0,,80.0,,,70.0,,80.0
S165,10.337756,79.808087,0,1,0,0,2,0,2,1,1,0,-20.0,-20.0,,0.0,,-20.0,,,150.0,,150.0
S166,10.300368,79.821194,0,1,0,0,0,0,1,2,2,1,-30.0,-30.0,42.4,60.0,,0.0,,,,,-60.0
S167,10.341568,79.811817,0,1,0,0,0,0,2,1,1,0,0.0,0.0,,0.0,,0.0,,,,,-100.0
S168,10.698669,79.426936,0,1,0,0,0,0,1,2,2,1,-20.0,-20.0,0.0,0.0,,-20.0,,,,,-20.0
S169,10.447011,79.838459,0,1,0,0,2,0,2,1,1,0,10.0,10.0,,0.0,,10.0,,,150.0,,150.0
S170,10.477461,79.832042,0,1,0,0,1,0,1,3,3,1,-10.0,-10.0,0.0,0.0,,-10.0,,,-10.0,,-10.0
S171,10.6902,79.823831,0,1,0,0,0,0,1,2,2,1,10.0,10.0,14.1,20.0,,0.0,,,,,20.0
S172,10.342033,79.790902,0,1,0,0,0,0,2,1,1,0,50.0,50.0,,0.0,,50.0,,,,,150.0
S173,10.704319,79.827068,0,2,0,0,0,0,1,1,1,0,-60.0,-60.0,,0.0,,-100.0,,,,,-60.0
S174,10.496582,79.770845,0,1,0,0,0,0,2,1,1,0,0.0,0.0,,0.0,,0.0,,,,,150.0
S175,10.403414,79.860269,0,1,0,0,1,0,1,3,3,1,-3.3,0.0,5.8,10.0,,0.0,,,-10.0,,0.0
S176,10.638137,79.829424,0,1,0,0,2,0,2,1,1,0,-10.0,-10.0,,0.0,,-10.0,,,150.0,,150.0
S177,10.34921,79.459935,0,2,0,0,2,0,2,0,0,0,,,,,,150.0,,,150.0,,150.0
S178,10.349132,79.462401,0,2,0,0,0,0,2,0,0,0,,,,,,150.0,,,,,150.0
S179,10.34308,79.854916,0,1,0,0,0,0,1,2,2,1,0.0,0.0,0.0,0.0,,0.0,,,,,0.0
S180,10.373942,79.508762,0,0,0,0,1,0,1,2,2,1,25.0,25.0,7.1,10.0,,,,,30.0,,20.0
S181,10.400379,79.72665,0,1,0,0,0,0,0,1,1,0,0.0,0.0,,0.0,,0.0,,,,,
S182,10.36185,79.475032,0,1,0,0,2,0,2,1,1,0,-10.0,-10.0,,0.0,,-10.0,,,150.0,,150.0
S183,10.346993,79.811705,0,1,0,0,0,0,0,1,1,0,140.0,140.0,,0.0,,140.0,,,,,
S184,10.34297,79.684053,0,0,0,0,0,0,1,1,1,0,30.0,30.0,,0.0,,,,,,,30.0
S185,10.350436,79.789318,0,1,0,0,2,0,2,1,1,0,-10.0,-10.0,,0.0,,-10.0,,,150.0,,150.0
S186,10.315297,79.823695,0,1,0,0,2,0,1,2,2,1,75.0,75.0,35.4,50.0,,50.0,,,150.0,,100.0
S187,10.290258,79.801326,0,1,0,0,2,0,2,1,1,0,-10.0,-10.0,,0.0,,-10.0,,,150.0,,150.0
S188,10.331739,79.794868,0,1,0,0,1,0,0,2,2,1,-15.0,-15.0,7.1,10.0,,-20.0,,,-10.0,,
S189,10.497576,79.747543,0,1,0,0,0,0,2,1,1,0,-20.0,-20.0,,0.0,,-20.0,,,,,150.0
S190,10.70249,79.798001,0,1,0,0,0,0,1,2,2,1,60.0,60.0,70.7,100.0,,10.0,,,,,110.0
S191,10.322895,79.824124,0,1,0,0,1,0,2,2,2,1,10.0,10.0,0.0,0.0,,10.0,,,10.0,,150.0
S192,10.360329,79.497686,0,1,0,0,2,0,2,1,1,0,10.0,10.0,,0.0,,10.0,,,150.0,,150.0
S193,10.436141,79.715361,0,1,0,0,0,0,1,2,2,1,-10.0,-10.0,0.0,0.0,,-10.0,,,,,-10.0
S194,10.543632,79.826584,0,1,0,0,0,0,1,2,2,1,-5.0,-5.0,7.1,10.0,,-10.0,,,,,0.0
S195,10.345839,79.817463,0,1,0,0,0,0,0,1,1,0,0.0,0.0,,0.0,,0.0,,,,,
S196,10.497356,79.760792,0,1,0,0,2,0,2,1,1,0,20.0,20.0,,0.0,,20.0,,,-100.0,,150.0
S197,10.339863,79.865704,0,1,0,0,0,0,1,2,2,1,-20.0,-20.0,28.3,40.0,,0.0,,,,,-40.0
S198,10.363359,79.46918,0,1,0,0,1,0,2,2,2,1,95.0,95.0,35.4,50.0,,70.0,,,120.0,,150.0
S199,10.332979,79.629853,0,1,0,0,2,0,2,1,1,0,90.0,90.0,,0.0,,90.0,,,150.0,,150.0
S200,10.536221,79.827435,0,1,0,0,1,0,1,3,3,1,-20.0,-20.0,0.0,0.0,,-20.0,,,-20.0,,-20.0
