model,feature,importance,method
LinearRegression,mangrove_width_m,0.385881510821446,shap
LinearRegression,mangrove_density,0.05143124173368607,shap
LinearRegression,dune_height_m,0.18206028393664267,shap
LinearRegression,dune_width_m,0.03239349874300823,shap
LinearRegression,storm_wind_ms,0.027377264285159335,shap
LinearRegression,storm_pressure_hpa,0.19973663678208384,shap
LinearRegression,wave_height_m,0.34464260268180735,shap
LinearRegression,wave_period_s,0.10296890047541675,shap
LinearRegression,terrain_elev_m,0.6351533137429937,shap
LinearRegression,terrain_slope_deg,0.1851577559906508,shap
LinearRegression,energy_index,0.007011294252222731,shap
LinearRegression,mangrove_protection,0.4958157047497206,shap
LinearRegression,dune_protection,0.14347660428608033,shap
LinearRegression,terrain_exposure,0.7070668098052484,shap
LinearRegression,composite_erosion_idx,2.520453718568263,shap
RandomForest,mangrove_width_m,0.038404014414627825,shap
RandomForest,mangrove_density,0.035259106019289804,shap
RandomForest,dune_height_m,0.02255519940425114,shap
RandomForest,dune_width_m,0.038945912232388046,shap
RandomForest,storm_wind_ms,0.028774403518255835,shap
RandomForest,storm_pressure_hpa,0.03028400501010981,shap
RandomForest,wave_height_m,0.03219157096904653,shap
RandomForest,wave_period_s,0.06804651334196635,shap
RandomForest,terrain_elev_m,0.038159655157727054,shap
RandomForest,terrain_slope_deg,0.03614421339408615,shap
RandomForest,energy_index,0.02782112406809759,shap
RandomForest,mangrove_protection,0.02243594943319856,shap
RandomForest,dune_protection,0.021798986738982305,shap
RandomForest,terrain_exposure,0.03240866547344249,shap
RandomForest,composite_erosion_idx,2.3785347663023937,shap
XGBoost,mangrove_width_m,0.10028089582920074,shap
XGBoost,mangrove_density,0.06835078448057175,shap
XGBoost,dune_height_m,0.059676382690668106,shap
XGBoost,dune_width_m,0.08202008157968521,shap
XGBoost,storm_wind_ms,0.14124980568885803,shap
XGBoost,storm_pressure_hpa,0.10922502726316452,shap
XGBoost,wave_height_m,0.11447196453809738,shap
XGBoost,wave_period_s,0.17856283485889435,shap
XGBoost,terrain_elev_m,0.06284885853528976,shap
XGBoost,terrain_slope_deg,0.055621735751628876,shap
XGBoost,energy_index,0.10241823643445969,shap
XGBoost,mangrove_protection,0.036085959523916245,shap
XGBoost,dune_protection,0.040047165006399155,shap
XGBoost,terrain_exposure,0.09149350970983505,shap
XGBoost,composite_erosion_idx,2.02266263961792,shap
