model,held_out_storm,rmse,mae,r2
LinearRegression,Gaja,1.0131362330886002,0.817811913971899,0.7475016606943392
LinearRegression,Michaung,0.975407310079266,0.7896166748559497,0.8194162474027762
LinearRegression,Nivar,0.9179166353302628,0.7441520657939128,0.8770436112692948
LinearRegression,Vardah,1.1105482632797528,0.8302495022417155,0.9698941024820311
RandomForest,Gaja,1.0855437334267641,0.8532336858916546,0.7101205154199631
RandomForest,Michaung,1.0133454693453103,0.8060529122324434,0.805095564893399
RandomForest,Nivar,1.0128127300453855,0.7947707028619527,0.8503065075822335
RandomForest,Vardah,3.7665841956540467,1.6708393861231363,0.653684392890665
XGBoost,Gaja,1.1819763512931394,0.9194402966011936,0.6563309630041166
XGBoost,Michaung,1.12802003819718,0.9064905764876555,0.7584871234778775
XGBoost,Nivar,1.1087494593612535,0.888096352222686,0.8206045349744809
XGBoost,Vardah,3.8438085821405914,1.8234255675253612,0.6393381479108537
