Section_ID,Latitude,Longitude,Storm,Storm_Date,Retreat_base_post_m,MaxRetreat_m,MeanRetreat_m,NRate_m_per_yr
S001,2.894757,80.100222,Gaja,2018-11-16,10.0,10.0,10.0,49.31
S002,2.895439,80.104669,Gaja,2018-11-16,20.0,20.0,20.0,98.62
S003,2.896107,80.109118,Gaja,2018-11-16,30.0,30.0,30.0,147.93
S004,2.896749,80.113571,Gaja,2018-11-16,30.0,30.0,30.0,147.93
S005,2.897352,80.118029,Gaja,2018-11-16,30.0,30.0,30.0,147.93
S006,2.897907,80.122494,Gaja,2018-11-16,30.0,30.0,30.0,147.93
S007,2.898402,80.126965,Gaja,2018-11-16,30.0,30.0,30.0,147.93
S008,2.898832,80.131444,Gaja,2018-11-16,30.0,30.0,30.0,147.93
S009,2.899192,80.135928,Gaja,2018-11-16,30.0,30.0,30.0,147.93
S010,2.899478,80.140417,Gaja,2018-11-16,40.0,40.0,40.0,197.24
S011,2.899692,80.144911,Gaja,2018-11-16,40.0,40.0,40.0,197.24
S012,2.899836,80.149407,Gaja,2018-11-16,40.0,40.0,40.0,197.24
S013,2.899914,80.153905,Gaja,2018-11-16,40.0,40.0,40.0,197.24
S014,2.899935,80.158404,Gaja,2018-11-16,40.0,40.0,40.0,197.24
S015,2.899906,80.162902,Gaja,2018-11-16,40.0,40.0,40.0,197.24
S016,2.899836,80.1674,Gaja,2018-11-16,40.0,40.0,40.0,197.24
S017,2.899736,80.171898,Gaja,2018-11-16,40.0,40.0,40.0,197.24
S018,2.899616,80.176395,Gaja,2018-11-16,30.0,30.0,30.0,147.93
S019,2.899485,80.180891,Gaja,2018-11-16,30.0,30.0,30.0,147.93
S020,2.899351,80.185388,Gaja,2018-11-16,20.0,20.0,20.0,98.62
S021,2.899222,80.189885,Gaja,2018-11-16,20.0,20.0,20.0,98.62
S022,2.899103,80.194382,Gaja,2018-11-16,20.0,20.0,20.0,98.62
S023,2.898997,80.198879,Gaja,2018-11-16,20.0,20.0,20.0,98.62
S024,2.898906,80.203377,Gaja,2018-11-16,20.0,20.0,20.0,98.62
S025,2.898828,80.207875,Gaja,2018-11-16,20.0,20.0,20.0,98.62
S026,2.898761,80.212373,Gaja,2018-11-16,10.0,10.0,10.0,49.31
S027,2.8987,80.216872,Gaja,2018-11-16,20.0,20.0,20.0,98.62
S028,2.898639,80.22137,Gaja,2018-11-16,20.0,20.0,20.0,98.62
S029,2.898569,80.225868,Gaja,2018-11-16,20.0,20.0,20.0,98.62
S030,2.898482,80.230366,Gaja,2018-11-16,20.0,20.0,20.0,98.62
S031,2.89837,80.234863,Gaja,2018-11-16,20.0,20.0,20.0,98.62
S032,2.898224,80.239359,Gaja,2018-11-16,10.0,10.0,10.0,49.31
S033,2.898037,80.243854,Gaja,2018-11-16,10.0,10.0,10.0,49.31
S034,2.8978,80.248347,Gaja,2018-11-16,10.0,10.0,10.0,49.31
S035,2.897511,80.252836,Gaja,2018-11-16,10.0,10.0,10.0,49.31
S036,2.897165,80.257322,Gaja,2018-11-16,10.0,10.0,10.0,49.31
S037,2.896761,80.261802,Gaja,2018-11-16,10.0,10.0,10.0,49.31
S038,2.896302,80.266278,Gaja,2018-11-16,10.0,10.0,10.0,49.31
S039,2.895792,80.270748,Gaja,2018-11-16,10.0,10.0,10.0,49.31
S040,2.895236,80.275212,Gaja,2018-11-16,10.0,10.0,10.0,49.31
S041,2.894643,80.279672,Gaja,2018-11-16,10.0,10.0,10.0,49.31
S042,2.894022,80.284129,Gaja,2018-11-16,10.0,10.0,10.0,49.31
S043,2.893386,80.288583,Gaja,2018-11-16,10.0,10.0,10.0,49.31
S044,2.892747,80.293036,Gaja,2018-11-16,0.0,0.0,0.0,0.0
S045,2.892118,80.297491,Gaja,2018-11-16,0.0,0.0,0.0,0.0
S046,2.891512,80.301949,Gaja,2018-11-16,0.0,0.0,0.0,0.0
S047,2.890941,80.306412,Gaja,2018-11-16,10.0,10.0,10.0,49.31
S048,2.890419,80.310881,Gaja,2018-11-16,10.0,10.0,10.0,49.31
S049,2.889957,80.315356,Gaja,2018-11-16,10.0,10.0,10.0,49.31
S050,2.889564,80.319838,Gaja,2018-11-16,10.0,10.0,10.0,49.31
S051,2.889247,80.324325,Gaja,2018-11-16,10.0,10.0,10.0,49.31
S052,2.889012,80.328818,Gaja,2018-11-16,10.0,10.0,10.0,49.31
S053,2.888861,80.333314,Gaja,2018-11-16,20.0,20.0,20.0,98.62
S054,2.888794,80.337812,Gaja,2018-11-16,20.0,20.0,20.0,98.62
S055,2.888808,80.342311,Gaja,2018-11-16,20.0,20.0,20.0,98.62
S056,2.888898,80.346809,Gaja,2018-11-16,20.0,20.0,20.0,98.62
S057,2.889056,80.351305,Gaja,2018-11-16,20.0,20.0,20.0,98.62
S058,2.889272,80.355798,Gaja,2018-11-16,20.0,20.0,20.0,98.62
S059,2.889537,80.360289,Gaja,2018-11-16,20.0,20.0,20.0,98.62
S060,2.889839,80.364778,Gaja,2018-11-16,30.0,30.0,30.0,147.93
S061,2.890167,80.369265,Gaja,2018-11-16,30.0,30.0,30.0,147.93
S062,2.890509,80.373751,Gaja,2018-11-16,30.0,30.0,30.0,147.93
S063,2.890856,80.378236,Gaja,2018-11-16,40.0,40.0,40.0,197.24
S064,2.891198,80.382722,Gaja,2018-11-16,40.0,40.0,40.0,197.24
S065,2.891527,80.387209,Gaja,2018-11-16,40.0,40.0,40.0,197.24
S066,2.891839,80.391697,Gaja,2018-11-16,40.0,40.0,40.0,197.24
S067,2.892128,80.396187,Gaja,2018-11-16,40.0,40.0,40.0,197.24
S068,2.892395,80.400678,Gaja,2018-11-16,40.0,40.0,40.0,197.24
S069,2.892639,80.40517,Gaja,2018-11-16,30.0,30.0,30.0,147.93
S070,2.892863,80.409663,Gaja,2018-11-16,30.0,30.0,30.0,147.93
S071,2.893071,80.414157,Gaja,2018-11-16,30.0,30.0,30.0,147.93
S072,2.893271,80.418652,Gaja,2018-11-16,30.0,30.0,30.0,147.93
S073,2.893469,80.423146,Gaja,2018-11-16,20.0,20.0,20.0,98.62
S074,2.893672,80.427641,Gaja,2018-11-16,20.0,20.0,20.0,98.62
S075,2.89389,80.432134,Gaja,2018-11-16,20.0,20.0,20.0,98.62
S076,2.894129,80.436627,Gaja,2018-11-16,10.0,10.0,10.0,49.31
S077,2.894396,80.441118,Gaja,2018-11-16,10.0,10.0,10.0,49.31
S078,2.894698,80.445607,Gaja,2018-11-16,10.0,10.0,10.0,49.31
S079,2.895037,80.450093,Gaja,2018-11-16,10.0,10.0,10.0,49.31
S080,2.895416,80.454576,Gaja,2018-11-16,10.0,10.0,10.0,49.31
S081,2.895834,80.459056,Gaja,2018-11-16,10.0,10.0,10.0,49.31
